objective_id,assessment_objective,control_title,family,machine_reportable,referent_class,authority_source,feed_types,rationale,prior_call,change_note,owner_comments
03.03.01_obj.a,"audit logs needed (i.e., event types to be logged) to enable the monitoring, analysis, investigation, and reporting of unlawful or unauthorized system activity are specified.","Create and retain system audit logs and records to the extent needed to enable the monitoring, analysis, investigation, and reporting of unlawful or unauthorized system activity.",AU,yes,DoD ODP,ODP,Compliance scan|Host config read,Audit policy state compared to the 13-category ODP event list. Owner's note: this asks whether event types are identified - DoW has identified the NIST checklist repository; the specification act is already performed.,,Authority recorded: ODP fixes 13-category event list. | V8 AUDIT: KEPT: 13-category ODP event list; audit policy compares. Strongest AU row.,
03.03.01_obj.b,"the content of audit records needed to support monitoring, analysis, investigation, and reporting of unlawful or unauthorized system activity is defined.","Create and retain system audit logs and records to the extent needed to enable the monitoring, analysis, investigation, and reporting of unlawful or unauthorized system activity.",AU,yes,NCP checklist repository,NCP-designated,Host config read,"Record content is emitted and readable from the log platform. Whether content is *defined* anywhere is a floor question (authority column), not an emission question - per scoping decision, disposition keys to emission.",yes,FLOOR RULE: record-content definition has no confirmed Department value; customer-defined content is machine-checkable against a declared value only. Promote to yes if April 2025 memo fixes content requirements. || V8.5: promoted; record content derivable from designated audit-content list; feed corrected SIEM->host config read,
03.03.01_obj.c,audit records are created (generated).,"Create and retain system audit logs and records to the extent needed to enable the monitoring, analysis, investigation, and reporting of unlawful or unauthorized system activity.",AU,yes,NCP checklist repository (inherited),,Host config read|SIEM / log query,Generation is directly observable: audit policy enabled at host; ingest confirms records arriving. Owner's note: SIEM feed-ingest export supports this.,,,
03.03.01_obj.d,"audit records, once created, contain the defined content.","Create and retain system audit logs and records to the extent needed to enable the monitoring, analysis, investigation, and reporting of unlawful or unauthorized system activity.",AU,no,,,SIEM / log query,Field presence in emitted records is queryable against the defined content.,yes,"V8.7: yes->no. Owner ruling (SIEM tiering). Sole sufficient feed is log query, a collector outside the declared reference architecture; SIEM was excluded from the reference baseline at v8.5 and that exclusion is now applied consistently. Demoted to 'no' rather than 'partial' to match the v8.5 AU/IR treatment on identical facts. feed_types retained as a record of where emission would originate.",
03.03.01_obj.e,retention requirements for audit records are defined.,"Create and retain system audit logs and records to the extent needed to enable the monitoring, analysis, investigation, and reporting of unlawful or unauthorized system activity.",AU,no,,,,"Retention configuration is emitted (workspace/platform retention setting). Definition floor absent - flagged in authority, not in disposition.",yes,"FLOOR RULE: retention period is a scalar definition; no confirmed Department value in workbook. Customer-declared value => partial. ODP transcription pass decides promotion. || V8.5: retention requirement is a declaration, no emission; log size != retention period; unfloored",
03.03.01_obj.f,audit records are retained as defined.,"Create and retain system audit logs and records to the extent needed to enable the monitoring, analysis, investigation, and reporting of unlawful or unauthorized system activity.",AU,no,,,,Oldest-record age vs configured retention is a query.,yes,V8.5: cannot ascertain retained-in-accordance in-scope; duration measurement is SIEM/archive class (out of scope),
03.03.02_obj.a,the content of the audit records needed to support the ability to uniquely trace users to their actions is defined.,Ensure that the actions of individual system users can be uniquely traced to those users so they can be held accountable for their actions.,AU,partial,,,Host config read,Traceability content (user field presence) is emitted and queryable. Floor question separate.,yes,FLOOR RULE: traceability-content definition unfloored in workbook; customer-declared => partial pending memo verification. || V8.5: off ODP-pending; identity detail emittable but void in definition (no published referent); feed off SIEM,
03.03.02_obj.b,"audit records, once created, contain the defined content.",Ensure that the actions of individual system users can be uniquely traced to those users so they can be held accountable for their actions.,AU,no,,,SIEM / log query,As 03.03.01.d.,yes,"V8.7: yes->no. Owner ruling (SIEM tiering). Sole sufficient feed is log query, a collector outside the declared reference architecture; SIEM was excluded from the reference baseline at v8.5 and that exclusion is now applied consistently. Demoted to 'no' rather than 'partial' to match the v8.5 AU/IR treatment on identical facts. feed_types retained as a record of where emission would originate.",
03.03.03_obj.a,a process for determining when to review logged events is defined.,Review and update logged events.,AU,no,,,,Process definition. No system emission reports that a review process is defined.,,,
03.03.03_obj.b,event types being logged are reviewed in accordance with the defined review process.,Review and update logged events.,AU,no,,,,"Audit-policy change history is emitted; the review act itself is not. Machine shows *that* logged event types changed, not that a review occurred per process.",partial,V8.5: review of logged event types is manual,
03.03.03_obj.c,event types being logged are updated based on the review.,Review and update logged events.,AU,partial,,,Host config read,"As 03.03.03.b - config change is emitted, its provenance in a review is not.",,,
03.03.04_obj.a,personnel or roles to be alerted in the event of an audit logging process failure are identified.,Alert in the event of an audit logging process failure.,AU,no,,,,Alert action-group / notification-target membership is emitted.,yes,"V8 AUDIT: Action-group membership IS the identification; who must be alerted is inherently org-specific — artifact, not pending-ODP. || V8.5: personnel-to-alert is a declaration; manual",
03.03.04_obj.b,types of audit logging process failures for which alert will be generated are defined.,Alert in the event of an audit logging process failure.,AU,no,,,,Configured failure-alert rules are emitted.,yes,FLOOR RULE: failure-types definition; configured alert rules are the customer's declaration absent a Department list. || V8.5: failure-types definition is manual; unfloored,
03.03.04_obj.c,identified personnel or roles are alerted in the event of an audit logging process failure.,Alert in the event of an audit logging process failure.,AU,no,,,,Alert firing records are emitted and joinable to target membership.,yes,V8.5: alert-on-failure is monitoring (SIEM out of scope); manual,
03.03.05_obj.a,"audit record review, analysis, and reporting processes for investigation and response to indications of unlawful, unauthorized, suspicious, or unusual activity are defined.","Correlate audit record review, analysis, and reporting processes for investigation and response to indications of unlawful, unauthorized, suspicious, or unusual activity.",AU,no,,ODP (frequency only),,Process definition. Not emitted.,,"CORRECTION during floor pass: ODP fixes review frequency, not the process definition this objective asks for. Erroneous no->yes flip caught by change tracking and reverted. Authority annotation retained at frequency scope only.",
03.03.05_obj.b,"defined audit record review, analysis, and reporting processes are correlated.","Correlate audit record review, analysis, and reporting processes for investigation and response to indications of unlawful, unauthorized, suspicious, or unusual activity.",AU,no,,,,Correlation rule state and rule-hit records are emitted; that they constitute the *defined* processes is not machine-determinable.,partial,V8.5: correlation is SIEM (out of scope),
03.03.06_obj.a,an audit record reduction capability that supports on-demand analysis is provided.,Provide audit record reduction and report generation to support on-demand analysis and reporting.,AU,no,,,,Query/reduction capability demonstrated by the platform itself; capability presence is emitted as workspace/config state.,yes,"V8 AUDIT: KEPT per owner ruling: SIEM presence + ingestion of the correct records validates against the PUBLISHED 03.03.01 event-list ODP. Define inherited transitively; validate machine. Contrast IR capability rows, which lack any such referent. || V8.5: reduction capability is SIEM (out of scope); transitive ODP does not survive without in-scope emission",
03.03.06_obj.b,a report generation capability that supports on-demand reporting is provided.,Provide audit record reduction and report generation to support on-demand analysis and reporting.,AU,no,,,,Report/workbook configuration is emitted.,yes,V8 AUDIT: KEPT: report surface over the same ODP-defined record set. As .a. || V8.5: report-generation capability is SIEM (out of scope),
03.03.07_obj.a,internal system clocks are used to generate time stamps for audit records.,Provide a system capability that compares and synchronizes internal system clocks with an authoritative source to generate time stamps for audit records.,AU,no,,,,Timestamp source configuration is emitted per host.,yes,"V8.5: timestamps-in-records is a log-content observation, not a discrete config setting; manual",
03.03.07_obj.b,an authoritative source with which to compare and synchronize internal system clocks is specified.,Provide a system capability that compares and synchronizes internal system clocks with an authoritative source to generate time stamps for audit records.,AU,partial,,,Host config read,NTP peer/source configuration is emitted. Objective asks the source be specified; the configured value is the emission - floor question separate.,yes,FLOOR RULE: authoritative-source choice is customer-declared; config emits the declared value. Benchmark requires sync but does not name the source. || V8.5: off ODP-pending; source identity org-declared; CIS floors NTP-client-enable not source; unfloored,
03.03.07_obj.c,internal system clocks used to generate time stamps for audit records are compared to and synchronized with the specified authoritative time source.,Provide a system capability that compares and synchronizes internal system clocks with an authoritative source to generate time stamps for audit records.,AU,yes,Organization-defined ODP,artifact,Host config read,Sync status and offset are emitted.,yes,V8.8: promoted partial->yes. Referent is the organization-defined value the standard obliges the organization to set; validation executes against it when the export carries the declaration and the observation as separate assertions. V8.5: demoted; CIS floors NTP-client-enable (L2) not the specified source; source declared; delivery-plane contingent (GPO/Intune); feed off SIEM,
03.03.08_obj.a,audit information is protected from unauthorized access.,"Protect audit information and audit logging tools from unauthorized access, modification, and deletion.",AU,yes,NCP checklist repository (inherited),,Config API|Host config read,ACLs on log stores and workspace RBAC are emitted.,,,
03.03.08_obj.b,audit information is protected from unauthorized modification.,"Protect audit information and audit logging tools from unauthorized access, modification, and deletion.",AU,yes,NCP checklist repository (inherited),,Host config read,"Write/delete rights controlled by the DACL on the audit store (same ACL as .a); preventive, read once. Monitoring/FIM out of scope.",,V8.5: rationale re-based FIM/change-event -> DACL,
03.03.08_obj.c,audit information is protected from unauthorized deletion.,"Protect audit information and audit logging tools from unauthorized access, modification, and deletion.",AU,yes,NCP checklist repository (inherited),,Host config read,"Deletion right controlled by the DACL on the audit store; preventive, read once. Monitoring/FIM out of scope.",,V8.5: rationale re-based FIM -> DACL,
03.03.08_obj.d,audit logging tools are protected from unauthorized access.,"Protect audit information and audit logging tools from unauthorized access, modification, and deletion.",AU,yes,NCP checklist repository (inherited),,Config API|Host config read,Tool-binary ACLs and RBAC emitted.,,,
03.03.08_obj.e,audit logging tools are protected from unauthorized modification.,"Protect audit information and audit logging tools from unauthorized access, modification, and deletion.",AU,yes,NCP checklist repository (inherited),,Host config read,"Write/delete rights on tool binaries controlled by binary DACL; preventive, read once. Monitoring/FIM out of scope.",,V8.5: rationale re-based FIM -> DACL,
03.03.08_obj.f,audit logging tools are protected from unauthorized deletion.,"Protect audit information and audit logging tools from unauthorized access, modification, and deletion.",AU,yes,NCP checklist repository (inherited),,Host config read,"Deletion right on tool binaries controlled by binary DACL; preventive, read once. Monitoring/FIM out of scope.",,V8.5: rationale re-based FIM -> DACL,
03.03.09_obj.a,a subset of privileged users granted access to manage audit logging functionality is defined.,Limit management of audit logging functionality to a subset of privileged users.,AU,yes,Organization-defined ODP,artifact,Directory enumeration,Privileged-subset membership (role/PIM assignment) is an enumeration.,yes,V8.8: promoted partial->yes. Referent is the organization-defined value the standard obliges the organization to set; validation executes against it when the export carries the declaration and the observation as separate assertions. V8 AUDIT: Role/PIM membership IS the subset definition; self-referential.,
03.03.09_obj.b,management of audit logging functionality is limited to the defined subset of privileged users.,Limit management of audit logging functionality to a subset of privileged users.,AU,yes,NCP checklist repository (inherited),,Directory enumeration,"Enforcement is the manage-audit role assignment (CIS ""Manage auditing and security log"" user right); directory-enumerable. Only the subset holds the role.",,"V8.5: dropped SIEM feed; enforcement = role assignment, not log join",
03.08.01_obj.a,paper media containing CUI is physically controlled.,"Protect (i.e., physically control and securely store) system media containing CUI, both paper and digital.",MP,no,,,,Paper media. No system emission exists or is producible in principle.,,,
03.08.01_obj.b,digital media containing CUI is physically controlled.,"Protect (i.e., physically control and securely store) system media containing CUI, both paper and digital.",MP,no,,,,Initially classified inherited under a cloud-only boundary assumption - corrected: facility and endpoints hold digital media outside CSP scope; no local emission evidences physical control. Correction retained deliberately.,,,
03.08.01_obj.c,paper media containing CUI is securely stored.,"Protect (i.e., physically control and securely store) system media containing CUI, both paper and digital.",MP,no,,,,"Paper media, as 03.08.01.a.",,,
03.08.01_obj.d,digital media containing CUI is securely stored.,"Protect (i.e., physically control and securely store) system media containing CUI, both paper and digital.",MP,no,,,Host config read|Config API,"Volume encryption state emitted (BitLocker/SSE). Scope predicate: emission proves managed volumes encrypted, not that CUI resides on them - predicate is a declaration, recurs across family.",,,
03.08.02_obj.a,limit access to CUI on system media to authorized users.,Limit access to CUI on system media to authorized users.,MP,partial,,,Config API|Host config read,CA policy state and filesystem ACLs emitted. Same scope predicate.,,,
03.08.03_obj.a,system media containing CUI is sanitized or destroyed before disposal.,Sanitize or destroy system media containing CUI before disposal or release for reuse.,MP,no,,,,Process record (device retire/wipe). Record attests a human process; who authorized/executed is not machine-determinable. Also previously mis-inherited - CSP sanitizes its own hardware only.,,,
03.08.03_obj.b,system media containing CUI is sanitized before it is released for reuse.,Sanitize or destroy system media containing CUI before disposal or release for reuse.,MP,no,,,,As 03.08.03.a.,,,
03.08.04_obj.a,media containing CUI is marked with applicable CUI markings.,Mark media with necessary CUI markings and distribution limitations.,MP,partial,,,Config API,Label policy state would be emitted if labeling deployed (not in lab stack); paper marking never emits. Partial on digital-media emission being available out-of-box in the service class.,,,
03.08.04_obj.b,media containing CUI is marked with distribution limitations.,Mark media with necessary CUI markings and distribution limitations.,MP,partial,,,Config API,As 03.08.04.a.,,,
03.08.05_obj.a,access to media containing CUI is controlled.,Control access to media containing CUI and maintain accountability for media during transport outside of controlled areas.,MP,no,,,Config API,"Same CA policy object as 03.08.02.a - one emission, two objectives. Same scope predicate.",,,
03.08.05_obj.b,accountability for media containing CUI is maintained during transport outside of controlled areas.,Control access to media containing CUI and maintain accountability for media during transport outside of controlled areas.,MP,no,,,,Chain of custody in transport is procedural; no emission.,,,
03.08.06_obj.a,implement cryptographic mechanisms to protect the confidentiality of CUI stored on digital media during transport unless otherwise protected by alternative physical safeguards.,Implement cryptographic mechanisms to protect the confidentiality of CUI stored on digital media during transport unless otherwise protected by alternative physical safeguards.,MP,no,,,Host config read|Config API,Removable-media/storage encryption config emitted. Scope predicate.,,,
03.08.07_obj.a,control the use of removable media on system components.,Control the use of removable media on system components.,MP,yes,NCP checklist repository (inherited),,Host config read|Compliance scan,Device-installation restriction policy emitted; applies to all removable media regardless of contents - no predicate.,,,
03.08.08_obj.a,prohibit the use of portable storage devices when such devices have no identifiable owner.,Prohibit the use of portable storage devices when such devices have no identifiable owner.,MP,partial,,,Host config read|Compliance scan,Device-ID restriction emitted; no predicate. Previously policy-narrative despite enforcing mechanism recorded in working notes - corrected.,,,
03.08.09_obj.a,protect the confidentiality of backup CUI at storage locations.,Protect the confidentiality of backup CUI at storage locations.,MP,no,,,Config API,Backup encryption configuration emitted. Scope predicate on backup contents.,,,
03.07.01_obj.a,perform maintenance on organizational systems.,Perform maintenance on organizational systems.,MA,no,,,,Maintenance performance is a process record (patch/ticket); execution and cadence judgment not machine-determinable. No published cadence exists (authority: none).,,,
03.07.02_obj.a,tools used to conduct system maintenance are controlled.,"Provide controls on the tools, techniques, mechanisms, and personnel used to conduct system maintenance.",MA,partial,,,Host config read|Compliance scan,"App-control policy state emitted; whether it constitutes 'tools controlled' is undefined - no floor. Emission exists, target does not.",,,
03.07.02_obj.b,techniques used to conduct system maintenance are controlled.,"Provide controls on the tools, techniques, mechanisms, and personnel used to conduct system maintenance.",MA,no,,,,'Techniques' is not a configurable object; nothing emits.,,,
03.07.02_obj.c,mechanisms used to conduct system maintenance are controlled.,"Provide controls on the tools, techniques, mechanisms, and personnel used to conduct system maintenance.",MA,partial,,,Host config read,As 03.07.02.a.,,,
03.07.02_obj.d,personnel used to conduct system maintenance are controlled.,"Provide controls on the tools, techniques, mechanisms, and personnel used to conduct system maintenance.",MA,yes,NCP checklist repository (inherited),,Directory enumeration,Maintenance-personnel group/role membership is an enumeration.,,,
03.07.03_obj.a,ensure equipment removed for off-site maintenance is sanitized of any CUI.,Ensure equipment removed for off-site maintenance is sanitized of any CUI.,MA,no,,,,Process record (retire/wipe before offsite) - as 03.08.03.a.,,,
03.07.04_obj.a,check media containing diagnostic and test programs for malicious code before the media are used in organizational systems.,Check media containing diagnostic and test programs for malicious code before the media are used in organizational systems,MA,partial,,,Host config read|Config API,Removable-media scan-on-use setting emitted (Defender). Scoped to org systems; no predicate arises.,,,
03.07.05_obj.a,multifactor authentication is required to establish nonlocal maintenance sessions via external network connections.,Require multifactor authentication to establish nonlocal maintenance sessions via external network connections and terminate such connections when nonlocal maintenance is complete.,MA,yes,NCP checklist repository (inherited),,Config API,MFA policy for admin/maintenance sessions emitted. Personnel-scope predicate: which accounts are 'maintenance' is a declaration.,,,
03.07.05_obj.b,nonlocal maintenance sessions established via external network connections are terminated when nonlocal maintenance is complete.,Require multifactor authentication to establish nonlocal maintenance sessions via external network connections and terminate such connections when nonlocal maintenance is complete.,MA,partial,,,Config API,"Session lifetime config emitted, but emits 'ends after N hours', not 'ends when maintenance completes' - timer approximates completion. Clearest proxy case in the set.",,,
03.07.06_obj.a,supervise the maintenance activities of maintenance personnel without required access authorization.,Supervise the maintenance activities of maintenance personnel without required access authorization.,MA,no,,,,Supervision is procedural; no emission.,,,
03.06.01_obj.a,an operational incident-handling capability is established.,"Establish an operational incident-handling capability for organizational systems that includes preparation, detection, analysis, containment, recovery, and user response activities.",IR,no,,,,Composite of b-g; no independent emission. Excluded from numerator by stated rule.,,,
03.06.01_obj.b,the operational incident-handling capability includes preparation.,"Establish an operational incident-handling capability for organizational systems that includes preparation, detection, analysis, containment, recovery, and user response activities.",IR,no,,,,Preparation is procedural.,,,
03.06.01_obj.c,the operational incident-handling capability includes detection.,"Establish an operational incident-handling capability for organizational systems that includes preparation, detection, analysis, containment, recovery, and user response activities.",IR,no,,,,Detection capability state emitted: agent deployment + rule set.,yes,V8 AUDIT: Tool state (agent+rules) validates against customer architecture declaration only; no published referent defines what the capability must include. Contrast 03.03.06: no transitive ODP referent exists here. || V8.5: demoted; validates against self-declaration only (no published referent); SIEM feed out of scope. IR now zero fully-reportable (consistent with AT/PP),
03.06.01_obj.d,the operational incident-handling capability includes analysis.,"Establish an operational incident-handling capability for organizational systems that includes preparation, detection, analysis, containment, recovery, and user response activities.",IR,no,,,,Analysis capability: workspace + query surface emitted.,yes,V8 AUDIT: As .c — workspace presence validates against self-declaration. || V8.5: demoted; validates against self-declaration only (no published referent); SIEM feed out of scope. IR now zero fully-reportable (consistent with AT/PP),
03.06.01_obj.e,the operational incident-handling capability includes containment.,"Establish an operational incident-handling capability for organizational systems that includes preparation, detection, analysis, containment, recovery, and user response activities.",IR,no,,,,Containment automation config emitted; capability class least universal in this family.,yes,"V8 AUDIT: As .c; v7 rationale itself hedged (""least universal""). || V8.5: demoted; validates against self-declaration only (no published referent); SIEM feed out of scope. IR now zero fully-reportable (consistent with AT/PP)",
03.06.01_obj.f,the operational incident-handling capability includes recovery.,"Establish an operational incident-handling capability for organizational systems that includes preparation, detection, analysis, containment, recovery, and user response activities.",IR,no,,,,Backup/recovery configuration emitted.,yes,V8 AUDIT: As .c — backup config validates against self-declaration. || V8.5: demoted; validates against self-declaration only (no published referent); SIEM feed out of scope. IR now zero fully-reportable (consistent with AT/PP),
03.06.01_obj.g,the operational incident-handling capability includes user response activities.,"Establish an operational incident-handling capability for organizational systems that includes preparation, detection, analysis, containment, recovery, and user response activities.",IR,no,,,,User response procedures are procedural.,,,
03.06.02_obj.a,incidents are tracked.,"Track, document, and report incidents to designated officials and/or authorities both internal and external to the organization.",IR,no,,,SIEM / log query,Alert/incident records emitted by platform.,,,
03.06.02_obj.b,incidents are documented.,"Track, document, and report incidents to designated officials and/or authorities both internal and external to the organization.",IR,no,,,,Incident documentation is a process record; completeness/quality is human judgment.,,,
03.06.02_obj.c,authorities to whom incidents are to be reported are identified.,"Track, document, and report incidents to designated officials and/or authorities both internal and external to the organization.",IR,no,,DFARS clause,,Externally determined - DFARS 252.204-7012 names authorities; nothing to emit and nothing to assess. Note: candidate for objectives the Department can retire from supplier reporting.,,Authority recorded: DFARS 252.204-7012 names authorities (call unchanged).,
03.06.02_obj.d,organizational officials to whom incidents are to be reported are identified.,"Track, document, and report incidents to designated officials and/or authorities both internal and external to the organization.",IR,yes,Organization-defined ODP,artifact,Config API,Notification-target membership emitted.,yes,V8.8: promoted partial->yes. Referent is the organization-defined value the standard obliges the organization to set; validation executes against it when the export carries the declaration and the observation as separate assertions. V8 AUDIT: Notification-target membership IS the identification; who ought to be notified is org-defined.,
03.06.02_obj.e,identified authorities are notified of incidents.,"Track, document, and report incidents to designated officials and/or authorities both internal and external to the organization.",IR,no,,DFARS clause,,Government-held: DIBNet submission record exists on the Department side. Not a supplier emission - candidate for Department-side lookup rather than supplier reporting.,,Authority recorded: DFARS reporting channel; Department-held record (call unchanged).,
03.06.02_obj.f,identified organizational officials are notified of incidents.,"Track, document, and report incidents to designated officials and/or authorities both internal and external to the organization.",IR,no,,,Config API|SIEM / log query,Notification firing records emitted.,,,
03.06.03_obj.a,test the organizational incident response capability.,Test the organizational incident response capability.,IR,no,,,,IR testing is a process record (exercise + AAR).,,,
03.10.01_obj.a,authorized individuals allowed physical access are identified.,"Limit physical access to organizational systems, equipment, and the respective operating environments to authorized individuals.",Physical Protection,partial,,artifact,Directory enumeration,Badge-system / access-control-list membership is an enumeration where an electronic access system exists; in its absence the authorized list is a maintained roster (process record). Lab environment: facility uses electronic badge access - membership emits. Previously classified inherited under cloud-only boundary assumption - corrected: the supplier facility is in scope; CSP inheritance covers datacenter segments only.,yes,V8 AUDIT: Badge ACL IS the identification; authorization judgment not emitted. PE correction retained.,
03.10.01_obj.b,physical access to organizational systems is limited to authorized individuals.,"Limit physical access to organizational systems, equipment, and the respective operating environments to authorized individuals.",Physical Protection,partial,,,SIEM / log query,"Badge events emit entry records for the facility segment; CSP datacenter segment inherited. Emission shows who badged in, not that access was *limited to* authorized individuals - tailgating and propped doors do not emit. Partial: event stream exists, enforcement completeness is not machine-determinable.",,,
03.10.01_obj.c,physical access to equipment is limited to authorized individuals.,"Limit physical access to organizational systems, equipment, and the respective operating environments to authorized individuals.",Physical Protection,partial,,,SIEM / log query,As 03.10.01.b at equipment granularity where readers exist; equipment-level access without readers does not emit.,,,
03.10.01_obj.d,physical access to operating environments is limited to authorized individuals.,"Limit physical access to organizational systems, equipment, and the respective operating environments to authorized individuals.",Physical Protection,partial,,,SIEM / log query,As 03.10.01.b.,,,
03.10.02_obj.a,the physical facility where that system resides is protected.,Protect and monitor the physical facility and support infrastructure for organizational systems.,Physical Protection,no,,,,"Facility protection (locks, barriers, construction) does not emit. CSP datacenter segment inherited via FedRAMP authorization; supplier facility segment has no emission. Corrected from blanket inheritance.",,,
03.10.02_obj.b,the support infrastructure for that system is protected.,Protect and monitor the physical facility and support infrastructure for organizational systems.,Physical Protection,no,,,,"Support infrastructure (power, HVAC, cabling) protection is physical; monitoring sensors where present emit to building systems outside the CUI boundary. Corrected from blanket inheritance.",,,
03.10.02_obj.c,the physical facility where that system resides is monitored.,Protect and monitor the physical facility and support infrastructure for organizational systems.,Physical Protection,partial,,,SIEM / log query,"Camera/alarm systems emit where deployed and integrated; lab facility monitoring is not integrated into the log platform. Partial on class availability, not lab presence. CSP segment inherited.",,,
03.10.02_obj.d,the support infrastructure for that system is monitored.,Protect and monitor the physical facility and support infrastructure for organizational systems.,Physical Protection,no,,,,As 03.10.02.b.,,,
03.10.03_obj.a,visitors are escorted.,Escort visitors and monitor visitor activity.,Physical Protection,no,,,,Escort is a human act; visitor-log records attest process. Process record.,,,
03.10.03_obj.b,visitor activity is monitored.,Escort visitors and monitor visitor activity.,Physical Protection,no,,,,As 03.10.03.a - monitoring of visitors is procedural; sign-in records are process records.,,,
03.10.04_obj.a,maintain audit logs of physical access.,Maintain audit logs of physical access.,Physical Protection,no,,,SIEM / log query,"Badge-system event log IS the physical-access audit log where electronic access exists - direct emission, and the one PE objective that is unambiguously machine-reportable. Paper sign-in sheets in non-badged areas remain process records.",,,
03.10.05_obj.a,physical access devices are identified.,Control and manage physical access devices.,Physical Protection,yes,Organization-defined ODP,artifact,Directory enumeration,Badge/credential inventory is an enumeration in the access-control system.,yes,V8.8: promoted partial->yes. Referent is the organization-defined value the standard obliges the organization to set; validation executes against it when the export carries the declaration and the observation as separate assertions. V8 AUDIT: Badge/credential inventory IS the identification. As .a.,
03.10.05_obj.b,physical access devices are controlled.,Control and manage physical access devices.,Physical Protection,partial,,,Directory enumeration|SIEM / log query,Issuance/revocation state emits; physical key control does not. Split by device class.,,,
03.10.05_obj.c,physical access devices are managed.,Control and manage physical access devices.,Physical Protection,partial,,,Directory enumeration,"As 03.10.05.b - electronic credential lifecycle emits, physical device custody does not.",,,
03.10.06_obj.a,safeguarding measures for CUI are defined for alternate work sites.,Enforce safeguarding measures for CUI at alternate work sites.,Physical Protection,no,,,,"Definition objective for alternate work sites - a determination, not an emission. No floor exists (authority: none). Corrected from inheritance: alternate work sites are the one segment no CSP authorization can ever reach - the control exists precisely because the space is outside any datacenter.",,,
03.10.06_obj.b,safeguarding measures for CUI are enforced for alternate work sites.,Enforce safeguarding measures for CUI at alternate work sites.,Physical Protection,partial,,,Config API,"Enforcement partially emits for the technical slice: CA policies, device compliance state, and encryption apply identically at any location - location-independent controls emit regardless of site. The physical slice of home-site safeguarding does not emit. Corrected from inheritance, as .a.",,,
03.02.01_obj.a,security risks associated with organizational activities involving CUI are identified.,"Ensure that managers, systems administrators, and users of organizational systems are made aware of the security risks associated with their activities and of the applicable policies, standards, and procedures related to the security of those systems.",Awareness & Training,no,,,,Risk identification is an analytic determination; no emission.,,,
03.02.01_obj.b,"policies, standards, and procedures related to the security of the system are identified.","Ensure that managers, systems administrators, and users of organizational systems are made aware of the security risks associated with their activities and of the applicable policies, standards, and procedures related to the security of those systems.",Awareness & Training,no,,,,Identification of applicable policies is a determination; no emission. Candidate for the model-content point: the identification could be discharged by adopting Department-published content by reference.,,,
03.02.01_obj.c,"managers, systems administrators, and users of the system are made aware of the security risks associated with their activities.","Ensure that managers, systems administrators, and users of organizational systems are made aware of the security risks associated with their activities and of the applicable policies, standards, and procedures related to the security of those systems.",Awareness & Training,no,,,,"Awareness is a human state. Training-completion records emit from an LMS but attest exposure, not awareness - process record; completion is machine-recordable, the objective's verb is not.",,,
03.02.01_obj.d,"managers, systems administrators, and users of the system are made aware of the applicable policies, standards, and procedures related to the security of the system.","Ensure that managers, systems administrators, and users of organizational systems are made aware of the security risks associated with their activities and of the applicable policies, standards, and procedures related to the security of those systems.",Awareness & Training,no,,,,As 03.02.01.c.,,,
03.02.02_obj.a,"information security-related duties, roles, and responsibilities are defined.",Ensure that organizational personnel are adequately trained to carry out their assigned information security-related duties and responsibilities.,Awareness & Training,no,,,,Definition objective - duties/roles defined. A determination; no emission. Model-content candidate.,,,
03.02.02_obj.b,"information security-related duties, roles, and responsibilities are assigned to designated personnel.",Ensure that organizational personnel are adequately trained to carry out their assigned information security-related duties and responsibilities.,Awareness & Training,yes,NCP checklist repository (inherited),,Directory enumeration,Role assignment IS an enumeration - security roles assigned to personnel emit from the directory/RBAC. The one A&T objective that emits directly.,,,
03.02.02_obj.c,"personnel are adequately trained to carry out their assigned information security-related duties, roles, and responsibilities.",Ensure that organizational personnel are adequately trained to carry out their assigned information security-related duties and responsibilities.,Awareness & Training,no,,,,Adequacy of training is a judgment; completion records are process records.,,,
03.02.03_obj.a,potential indicators associated with insider threats are identified.,Provide security awareness training on recognizing and reporting potential indicators of insider threat.,Awareness & Training,no,,,,Indicator identification is a determination. Model-content candidate - a Department-published indicator list would discharge it by reference.,,,
03.02.03_obj.b,security awareness training on recognizing and reporting potential indicators of insider threat is provided to managers and employees.,Provide security awareness training on recognizing and reporting potential indicators of insider threat.,Awareness & Training,no,,,,Provision of training: LMS completion records attest delivery - process record; content adequacy is human judgment.,,,
03.09.01_obj.a,screen individuals prior to authorizing access to organizational systems containing CUI.,Screen individuals prior to authorizing access to organizational systems containing CUI.,Personnel Security,no,,,,"Screening is a human process performed before access; the screening act does not emit. An HRIS record attests completion - process record. Note: sequencing (screened *prior to* access) could in principle be tested by joining HR dates to account-creation dates, but the HR side is a process record, so the join inherits that status.",,,
03.09.02_obj.a,a policy and/or process for terminating system access authorization and any credentials coincident with personnel actions is established.,Ensure that organizational systems containing CUI are protected during and after personnel actions such as terminations and transfers.,Personnel Security,no,,,,Policy/process establishment - a definition objective; no emission. Model-content candidate.,,,
03.09.02_obj.b,system access and credentials are terminated consistent with personnel actions such as termination or transfer.,Ensure that organizational systems containing CUI are protected during and after personnel actions such as terminations and transfers.,Personnel Security,partial,,,Directory enumeration|SIEM / log query,"The system side emits cleanly: account disable/credential revocation events and current account state are directly queryable and joinable to a termination date. What does not emit is the personnel action itself (HR record). Partial: consistency between the two is checkable only if the HR date is supplied - one declared input, then fully machine-checkable. Strongest partial in the set.",,,
03.09.02_obj.c,the system is protected during and after personnel transfer actions.,Ensure that organizational systems containing CUI are protected during and after personnel actions such as terminations and transfers.,Personnel Security,partial,,,Directory enumeration|Config API,"Access-change state during transfer emits (group membership deltas, permission state); whether the resulting state is *appropriate to the transfer* is judgment. Emission exists, target is undefined.",,,
03.05.01_obj.a,system users are identified.,"Identify system users, processes acting on behalf of users, and devices.",Identification & Authentication,yes,Organization-defined ODP,artifact,Directory enumeration,User identification is the directory itself - the IdP user list is the enumeration.,yes,V8.8: promoted partial->yes. Referent is the organization-defined value the standard obliges the organization to set; validation executes against it when the export carries the declaration and the observation as separate assertions. V8 AUDIT: IdP list IS the identification. As 03.01.01.a.,
03.05.01_obj.b,processes acting on behalf of users are identified.,"Identify system users, processes acting on behalf of users, and devices.",Identification & Authentication,partial,,,Directory enumeration|SIEM / log query,"Service principals and managed identities enumerate cleanly in the cloud path; on-host processes acting for users (service accounts, scheduled tasks) require correlation work. Analyst note concurs: 'will take some work to set up.' Emission exists for the identity layer; completeness across execution contexts is not established.",,,
03.05.01_obj.c,devices accessing the system are identified.,"Identify system users, processes acting on behalf of users, and devices.",Identification & Authentication,yes,Organization-defined ODP,artifact,Directory enumeration,Device registration records are the identification - analyst note: Entra device registration = device identification record.,yes,V8.8: promoted partial->yes. Referent is the organization-defined value the standard obliges the organization to set; validation executes against it when the export carries the declaration and the observation as separate assertions. V8 AUDIT: Registration record IS the identification. As 03.01.01.c.,
03.05.02_obj.a,the identity of each user is authenticated or verified as a prerequisite to system access.,"Authenticate or verify the identities of users, processes, or devices, as a prerequisite to allowing access to organizational systems.",Identification & Authentication,yes,NCP checklist repository (inherited),,SIEM / log query|Config API,Sign-in logs emit every authentication event; CA policy state emits the prerequisite enforcement.,,,
03.05.02_obj.b,the identity of each process acting on behalf of a user is authenticated or verified as a prerequisite to system access.,"Authenticate or verify the identities of users, processes, or devices, as a prerequisite to allowing access to organizational systems.",Identification & Authentication,partial,,,SIEM / log query,"Service-principal sign-ins emit in the cloud path; on-host process authentication (SPN validation, RPC auth per analyst note) emits to security logs but binding every process context to an authenticated identity is not established out of the box.",,,
03.05.02_obj.c,the identity of each device accessing or connecting to the system is authenticated or verified as a prerequisite to system access.,"Authenticate or verify the identities of users, processes, or devices, as a prerequisite to allowing access to organizational systems.",Identification & Authentication,yes,NCP checklist repository (inherited),,Config API|SIEM / log query,Device-based CA (compliant/hybrid-joined required) emits as policy state; device sign-in events emit.,,,
03.05.03_obj.a,privileged accounts are identified.,Use multifactor authentication for local and network access to privileged accounts and for network access to non-privileged accounts.,Identification & Authentication,yes,Organization-defined ODP,artifact,Directory enumeration,Privileged accounts are an enumeration of privileged role/group membership - analyst note concurs.,yes,V8.8: promoted partial->yes. Referent is the organization-defined value the standard obliges the organization to set; validation executes against it when the export carries the declaration and the observation as separate assertions. V8 AUDIT: Duplicate emission of 03.01.05.a per v7 rationale; lands with it.,
03.05.03_obj.b,multifactor authentication is implemented for local access to privileged accounts.,Use multifactor authentication for local and network access to privileged accounts and for network access to non-privileged accounts.,Identification & Authentication,partial,,,Host config read,"Local privileged access MFA (smart card / Windows Hello requirement at the host) emits as configuration where enforced; coverage across all local-access paths (safe mode, local console fallback) is not uniformly emitted. Cloud-session MFA is the .c case.",,,
03.05.03_obj.c,multifactor authentication is implemented for network access to privileged accounts.,Use multifactor authentication for local and network access to privileged accounts and for network access to non-privileged accounts.,Identification & Authentication,yes,NCP checklist repository (inherited),,Config API|SIEM / log query,CA policy requiring MFA for privileged roles emits as policy state; sign-in logs emit MFA satisfaction per session. Analyst note names the policy.,,,
03.05.03_obj.d,multifactor authentication is implemented for network access to non-privileged accounts.,Use multifactor authentication for local and network access to privileged accounts and for network access to non-privileged accounts.,Identification & Authentication,yes,NCP checklist repository (inherited),,Config API|SIEM / log query,As .c at broader scope.,,,
03.05.04_obj.a,employ replay-resistant authentication mechanisms for network access to privileged and non-privileged accounts.,Employ replay-resistant authentication mechanisms for network access to privileged and non-privileged accounts.,Identification & Authentication,yes,NCP checklist repository (inherited),,Config API,Authentication-strength policy (FIDO2/WHfB) emits as CA configuration; replay resistance is a property of the enforced method class. Analyst note concurs.,,,
03.05.05_obj.a,a period within which identifiers cannot be reused is defined.,Prevent reuse of identifiers for a defined period.,Identification & Authentication,yes,DoD ODP,customer-ODP (pending),Config API,Identifier-reuse window emits as tenant setting (soft-delete retention period). Definition floor question separate per scoping.,yes,V8.8: referent is April 2025 DoD ODP 03.05.05.c (owner ruling). V8.8: promoted partial->yes. Referent is the organization-defined value the standard obliges the organization to set; validation executes against it when the export carries the declaration and the observation as separate assertions. FLOOR RULE: reuse-prevention period is a scalar; no confirmed Department value. Pending ODP pass.,
03.05.05_obj.b,reuse of identifiers is prevented within the defined period.,Prevent reuse of identifiers for a defined period.,Identification & Authentication,yes,NCP checklist repository (inherited),,Config API|Directory enumeration,Soft-deleted object state and restoration window emit; uniqueness constraints enforced by the directory itself.,,,
03.05.06_obj.a,a period of inactivity after which an identifier is disabled is defined.,Disable identifiers after a defined period of inactivity.,Identification & Authentication,yes,Organization-defined ODP,customer-ODP (pending),Config API,Inactivity-disable period emits as policy configuration where the policy exists. Analyst flag retained: automated enforcement requires P2 or custom script - license-tier dependency.,yes,V8.8: promoted partial->yes. Referent is the organization-defined value the standard obliges the organization to set; validation executes against it when the export carries the declaration and the observation as separate assertions. FLOOR RULE: inactivity-disable period scalar; pending ODP pass. License-tier note retained.,
03.05.06_obj.b,identifiers are disabled after the defined period of inactivity.,Disable identifiers after a defined period of inactivity.,Identification & Authentication,yes,NCP checklist repository (inherited),,Directory enumeration|SIEM / log query,Last-sign-in timestamps and account-enabled state are queryable; disabled-after-inactivity is a join.,,,
03.05.07_obj.a,password complexity requirements are defined.,Enforce a minimum password complexity and change of characters when new passwords are created.,Identification & Authentication,yes,NCP checklist + DoD ODP,NCP-designated + ODP,Host config read|Config API,Password policy configuration emits (AD policy / Entra password protection / pwquality).,,Authority recorded: benchmark specifies password policy values. | V8 AUDIT: KEPT: double-floored (benchmark values + 03.05.07.f length 16).,
03.05.07_obj.b,password change of character requirements are defined.,Enforce a minimum password complexity and change of characters when new passwords are created.,Identification & Authentication,yes,Organization-defined ODP,customer-ODP (pending),Host config read,"Change-of-character requirement emits as configuration (pwquality difok per analyst note) on the Linux path; Windows path lacks a native equivalent setting - path-dependent, noted.",yes,V8.8: promoted partial->yes. Referent is the organization-defined value the standard obliges the organization to set; validation executes against it when the export carries the declaration and the observation as separate assertions. V8 AUDIT: Scope contradiction: Windows lacks native change-of-character setting; pwquality difok is Linux-path and Linux endpoints excluded from reference architecture. No emission on declared path; retained partial pending Entra password-protection verification.,
03.05.07_obj.c,minimum password complexity requirements as defined are enforced when new passwords are created.,Enforce a minimum password complexity and change of characters when new passwords are created.,Identification & Authentication,yes,NCP checklist repository (inherited),,Host config read|SIEM / log query,Enforcement is the policy engine itself; rejection events emit.,,,
03.05.07_obj.d,minimum password change of character requirements as defined are enforced when new passwords are created.,Enforce a minimum password complexity and change of characters when new passwords are created.,Identification & Authentication,yes,NCP checklist repository (inherited),,Host config read,As .b - enforced where the mechanism exists; path-dependent.,,,
03.05.08_obj.a,the number of generations during which a password cannot be reused is specified.,Prohibit password reuse for a specified number of generations.,Identification & Authentication,yes,NCP checklist repository,NCP-designated,Host config read|Config API,Password-history depth emits as policy setting.,,Authority recorded: benchmark specifies history depth. | V8 AUDIT: KEPT: benchmark specifies history depth; policy emits.,
03.05.08_obj.b,reuse of passwords is prohibited during the specified number of generations.,Prohibit password reuse for a specified number of generations.,Identification & Authentication,yes,NCP checklist repository (inherited),,Host config read,History enforcement is the policy engine; setting state is the emission.,,,
03.05.09_obj.a,allow temporary password use for system logons with an immediate change to a permanent password.,Allow temporary password use for system logons with an immediate change to a permanent password,Identification & Authentication,yes,NCP checklist repository (inherited),,Config API|Host config read,Temporary-access-pass config (cloud) or must-change-at-next-logon flag (on-prem) emit. Analyst note marks path-dependence; both paths emit.,,,
03.05.10_obj.a,passwords are cryptographically protected in storage.,Store and transmit only cryptographically-protected passwords.,Identification & Authentication,partial,,,Host config read,"Storage protection is an OS implementation property (hashing in AD/SAM, /etc/shadow). What emits is the configuration surrounding it (e.g. reversible-encryption disabled, shadow permissions); the cryptographic property itself is asserted by platform design rather than emitted. Partial: config emits, the protected property is inherited from the OS vendor's implementation.",,,
03.05.10_obj.b,passwords are cryptographically protected in transit.,Store and transmit only cryptographically-protected passwords.,Identification & Authentication,yes,NCP checklist repository (inherited),,Host config read|Config API,"Transit protection emits as protocol configuration - TLS/LDAPS enforcement, NTLM restrictions, Kerberos encryption types are all readable settings.",,,
03.05.11_obj.a,obscure feedback of authentication information.,Obscure feedback of authentication information.,Identification & Authentication,yes,NCP checklist repository (inherited),,Host config read,"Feedback obscuring (password masking, lock-screen credential hiding) emits as OS policy settings covered by the benchmark.",,,
03.14.01_obj.a,the time within which to identify system flaws is specified.,"Identify, report, and correct system flaws in a timely manner.",System & Info Integrity,yes,Organization-defined ODP,customer-ODP (pending),Config API,"Scan schedule configuration IS the specified timeframe - analyst note: DEFINE_AS_SETTING. The emission is the schedule; whether a formal window is also documented is the floor question, kept separate.",yes,V8.8: promoted partial->yes. Referent is the organization-defined value the standard obliges the organization to set; validation executes against it when the export carries the declaration and the observation as separate assertions. FLOOR RULE: scan-timeframe scalar; schedule emits but ratifies itself absent a published window. Pending ODP pass. Note 03.14.01.e finding: published remediation windows would convert the pair.,
03.14.01_obj.b,system flaws are identified within the specified time frame.,"Identify, report, and correct system flaws in a timely manner.",System & Info Integrity,yes,Organization-defined ODP,customer-ODP (pending),SIEM / log query|Config API,Scan execution records and finding timestamps emit; identification-within-timeframe is a join of finding date to schedule.,yes,"V8.8: promoted partial->yes. Referent is the organization-defined value the standard obliges the organization to set; validation executes against it when the export carries the declaration and the observation as separate assertions. V8 AUDIT: Identification-within-timeframe: R2 3.14.1[a] makes the timeframe org-specified; R3 30/90/180 values floor REMEDIATION (3.14.1[e]/[f] analog), a different parameter. Emission real (finding timestamps vs schedule); floor not published.",
03.14.01_obj.c,the time within which to report system flaws is specified.,"Identify, report, and correct system flaws in a timely manner.",System & Info Integrity,no,,,,"Reporting timeframe is a determination with no configuration surface in the lab stack - no setting encodes 'report within N days.' Definition objective, no emission.",,,
03.14.01_obj.d,system flaws are reported within the specified time frame.,"Identify, report, and correct system flaws in a timely manner.",System & Info Integrity,partial,,,SIEM / log query,Alert/notification records emit when findings route to owners; that this constitutes 'reporting' per a specified timeframe requires the .c definition to exist. Emission of the routing event is real; the target is undefined.,,,
03.14.01_obj.e,the time within which to correct system flaws is specified.,"Identify, report, and correct system flaws in a timely manner.",System & Info Integrity,no,,,,"Correction timeframe is documented (SSP per analyst note - BOD 22-01 values) but no system setting encodes it; the value lives in prose. Definition objective, no emission. Note: if the Department published remediation-window ODPs, .e would be discharged by reference and .f would become a pure join - the clearest single instance of a publishable value converting a definition pair.",,,
03.14.01_obj.f,system flaws are corrected within the specified time frame.,"Identify, report, and correct system flaws in a timely manner.",System & Info Integrity,no,,,SIEM / log query,Vulnerability state over time emits (first-seen/last-seen per finding); time-to-remediate is a query. Checkable against any supplied window.,yes,"V8.7: yes->no. Owner ruling (SIEM tiering). Sole sufficient feed is log query, a collector outside the declared reference architecture; SIEM was excluded from the reference baseline at v8.5 and that exclusion is now applied consistently. Demoted to 'no' rather than 'partial' to match the v8.5 AU/IR treatment on identical facts. feed_types retained as a record of where emission would originate.",
03.14.02_obj.a,designated locations for malicious code protection are identified.,Provide protection from malicious code at designated locations within organizational systems.,System & Info Integrity,partial,,,Config API,"Deployment state of protection agents emits per endpoint; whether deployed locations constitute the 'designated' set requires the designation - declared-input pattern, as 03.09.02.b.",,,
03.14.02_obj.b,protection from malicious code at designated locations is provided.,Provide protection from malicious code at designated locations within organizational systems.,System & Info Integrity,yes,NCP checklist repository (inherited),,Config API|Host config read,"AV/EDR enabled-state, engine and platform versions emit per device.",,,
03.14.03_obj.a,response actions to system security alerts and advisories are identified.,Monitor system security alerts and advisories and take action in response.,System & Info Integrity,no,,,,Response-action identification is a determination (playbook content); no emission. Model-content candidate - advisory-response actions are largely common across suppliers.,,,
03.14.03_obj.b,system security alerts and advisories are monitored.,Monitor system security alerts and advisories and take action in response.,System & Info Integrity,partial,,,SIEM / log query,"Advisory-feed ingestion emits where a threat-intel connector is configured; monitoring of advisories outside integrated feeds (vendor bulletins, CISA emails) does not emit. Lab stack has partial feed integration.",,,
03.14.03_obj.c,actions in response to system security alerts and advisories are taken.,Monitor system security alerts and advisories and take action in response.,System & Info Integrity,partial,,,SIEM / log query,Automated response actions emit execution records (analyst note: Active Response is the mechanism); human response actions are process records. Split by action class.,,,
03.14.04_obj.a,update malicious code protection mechanisms when new releases are available.,Update malicious code protection mechanisms when new releases are available.,System & Info Integrity,yes,NCP checklist repository (inherited),,Config API|Host config read,Signature/engine currency emits per endpoint - version and last-update timestamp are readable state; update-on-release is a comparison to vendor-current.,,,
03.14.05_obj.a,the frequency for malicious code scans is defined.,"Perform periodic scans of organizational systems and real-time scans of files from external sources as files are downloaded, opened, or executed.",System & Info Integrity,yes,DoD ODP,customer-ODP (pending),Config API,Scan frequency emits as configuration. Definition floor separate.,yes,V8.8: referent is April 2025 DoD ODP 03.14.02.c.01 (owner ruling). V8.8: promoted partial->yes. Referent is the organization-defined value the standard obliges the organization to set; validation executes against it when the export carries the declaration and the observation as separate assertions. FLOOR RULE: scan-frequency scalar; pending ODP pass.,
03.14.05_obj.b,malicious code scans are performed with the defined frequency.,"Perform periodic scans of organizational systems and real-time scans of files from external sources as files are downloaded, opened, or executed.",System & Info Integrity,yes,NCP checklist repository (inherited),,SIEM / log query|Config API,Scan execution records emit; performed-per-frequency is a join.,,,
03.14.05_obj.c,"real-time malicious code scans of files from external sources as files are downloaded, opened, or executed are performed.","Perform periodic scans of organizational systems and real-time scans of files from external sources as files are downloaded, opened, or executed.",System & Info Integrity,yes,NCP checklist repository (inherited),,Config API|Host config read,Real-time protection state emits as setting (on-access scanning enabled).,,,
03.14.06_obj.a,the system is monitored to detect attacks and indicators of potential attacks.,"Monitor organizational systems, including inbound and outbound communications traffic, to detect attacks and indicators of potential attacks",System & Info Integrity,yes,NCP checklist repository (inherited),,Config API|SIEM / log query,Monitoring coverage emits: agent deployment state plus alert pipeline. That monitoring is *occurring* is the emission; detection efficacy is not claimed.,,,
03.14.06_obj.b,inbound communications traffic is monitored to detect attacks and indicators of potential attacks.,"Monitor organizational systems, including inbound and outbound communications traffic, to detect attacks and indicators of potential attacks",System & Info Integrity,partial,,,SIEM / log query,Inbound traffic monitoring emits where network sensors/firewall logs are integrated; lab stack integrates host-level but not full network-boundary capture. Partial on deployed coverage in the reference environment.,,,
03.14.06_obj.c,outbound communications traffic is monitored to detect attacks and indicators of potential attacks.,"Monitor organizational systems, including inbound and outbound communications traffic, to detect attacks and indicators of potential attacks",System & Info Integrity,partial,,,SIEM / log query,As .b for outbound - egress monitoring coverage is partial in the lab stack.,,,
03.14.07_obj.a,authorized use of the system is defined.,Identify unauthorized use of organizational systems.,System & Info Integrity,yes,Organization-defined ODP,artifact,Config API|Directory enumeration,"The Conditional Access / RBAC / session-policy ruleset natively encodes the definition of authorized use for a general support system: who, from what device posture, under what conditions, to which functions. Definition-as-setting; same emission also evidences 3.1.1/3.1.2 (cross-family, as 03.01.05.a/03.05.03.a). No published referent for what the definition must include -> artifact, not yes. No conduct/AUP gate: no published value requires one.",yes,"V8.8: promoted partial->yes. Referent is the organization-defined value the standard obliges the organization to set; validation executes against it when the export carries the declaration and the observation as separate assertions. V8.1 PROMOTION (no -> artifact): first row to enter the reportable set across four audit passes. Owner ruling: for a GSS, authorized use IS access; encoded ruleset is the enforceable definition.",
03.14.07_obj.b,unauthorized use of the system is identified.,Identify unauthorized use of organizational systems.,System & Info Integrity,yes,Organization-defined ODP,artifact,SIEM / log query,"Unauthorized use identified as evaluation against the encoded ruleset of .a: CA policy blocks, risky sign-in events, privilege-boundary violations emit from the same engine that holds the definition. Target no longer undefined; partial because the referent (the ruleset) is customer-authored.",,V8.8: promoted partial->yes. Referent is the organization-defined value the standard obliges the organization to set; validation executes against it when the export carries the declaration and the observation as separate assertions. V8.1: rationale repaired — .a promotion supplies the previously undefined target. Disposition unchanged (partial).,
03.01.01_obj.a,authorized users are identified.,"Limit system access to authorized users, processes acting on behalf of authorized users, and devices",Access Control,yes,Organization-defined ODP,artifact,Directory enumeration,"The IdP user list is the identification. Analyst note suggests prose plus ID-validation pointer; under the emission test the enumeration itself is the artifact - validation rigor is a floor question, kept separate.",yes,V8.8: promoted partial->yes. Referent is the organization-defined value the standard obliges the organization to set; validation executes against it when the export carries the declaration and the observation as separate assertions. V8 AUDIT: Directory enumeration IS the identification; no published referent for authorization validation. Define not inherited; validation (of the enumeration itself) is. Allowlist precedent 03.04.07.a.,
03.01.01_obj.b,processes acting on behalf of authorized users are identified.,"Limit system access to authorized users, processes acting on behalf of authorized users, and devices",Access Control,partial,,,Directory enumeration|SIEM / log query,"As 03.05.01.b - service principals enumerate cleanly; on-host process contexts require correlation. Same split, same reason.",,,
03.01.01_obj.c,devices (including other systems) authorized to connect to the system are identified.,"Limit system access to authorized users, processes acting on behalf of authorized users, and devices",Access Control,yes,Organization-defined ODP,artifact,Directory enumeration,Device inventory is the identification - analyst note concurs (Entra device records; AD computer objects on the traditional path).,yes,"V8.8: promoted partial->yes. Referent is the organization-defined value the standard obliges the organization to set; validation executes against it when the export carries the declaration and the observation as separate assertions. V8 AUDIT: Device inventory IS the identification; ""authorized to connect"" judgment not emitted. As .a.",
03.01.01_obj.d,system access is limited to authorized users.,"Limit system access to authorized users, processes acting on behalf of authorized users, and devices",Access Control,yes,NCP checklist repository (inherited),,Config API|SIEM / log query,Analyst note: the CA policy gate IS the authorization enforcement. Policy state emits; sign-in logs emit every allow/deny decision.,,,
03.01.01_obj.e,system access is limited to processes acting on behalf of authorized users.,"Limit system access to authorized users, processes acting on behalf of authorized users, and devices",Access Control,yes,NCP checklist repository (inherited),,Config API|Directory enumeration,Service principals and app registrations define authorized processes (analyst note); both enumerate.,,,
03.01.01_obj.f,system access is limited to authorized devices (including other systems).,"Limit system access to authorized users, processes acting on behalf of authorized users, and devices",Access Control,yes,DoD ODP,ODP,Config API|Directory enumeration,Compliant-device CA condition emits as policy state; device record is the authorization list. ODP present (90-day currency).,,Authority recorded: ODP fixes device-currency window (90 days).,
03.01.02_obj.a,the types of transactions and functions that authorized users are permitted to execute are defined,Limit system access to the types of transactions and functions that authorized users are permitted to execute.,Access Control,yes,Organization-defined ODP,artifact,Config API|Directory enumeration,"RBAC role definitions ARE the enumeration of permitted transaction and function types: actions/notActions lists, app-role assignments, CA conditions. The most literal definition-as-setting instance in the set; same artifact as 03.14.07.a read at content level. No published referent for what the permitted set must contain -> artifact.",yes,"V8.8: promoted partial->yes. Referent is the organization-defined value the standard obliges the organization to set; validation executes against it when the export carries the declaration and the observation as separate assertions. V8.2 PROMOTION (no -> artifact): owner ruling — same artifact as 03.14.07.a, examined twice. Cross-family single-emission pattern.",
03.01.02_obj.b,system access is limited to the defined types of transactions and functions for authorized users.,Limit system access to the types of transactions and functions that authorized users are permitted to execute.,Access Control,partial,,,Config API,"App-level CA conditions, named locations, session controls emit; enforcement target is now the encoded role-definition/CA set of .a (artifact). Partial: referent customer-authored.",,V8.2: target repaired — upstream definitional row promoted to artifact. Disposition unchanged.,
03.01.03_obj.a,information flow control policies are defined.,Control the flow of CUI in accordance with approved authorizations.,Access Control,no,,,,Flow-control policy definition is an architectural determination; no emission. Design-definition class.,,,
03.01.03_obj.b,methods and enforcement mechanisms for controlling the flow of CUI are defined.,Control the flow of CUI in accordance with approved authorizations.,Access Control,yes,Organization-defined ODP,artifact,Config API,"The NSG/private-endpoint/transport rule set is simultaneously the flow-control mechanism and its definition. Sibling .d has held this exact rationale since v7 (""rules natively encode the authorizations""); .b is the same sentence at mechanism level.",yes,"V8.8: promoted partial->yes. Referent is the organization-defined value the standard obliges the organization to set; validation executes against it when the export carries the declaration and the observation as separate assertions. V8.2 PROMOTION (no -> artifact): consistency with .d, in the artifact class since v7.",
03.01.03_obj.c,"designated sources and destinations (e.g., networks, individuals, and devices) for CUI within systems and between interconnected systems are identified.",Control the flow of CUI in accordance with approved authorizations.,Access Control,partial,,,Directory enumeration|Config API,"Network topology (NSGs, peering) and inventory partially enumerate designated sources/destinations; the designation act - which of these carry CUI - is a declaration. Declared-input pattern.",,,
03.01.03_obj.d,authorizations for controlling the flow of CUI are defined.,Control the flow of CUI in accordance with approved authorizations.,Access Control,yes,Organization-defined ODP,artifact,Config API,Analyst note is exactly right and worth quoting: NSG rules = network-layer authorization expression; CA = identity-layer; transport rules = mail flow. The authorizations exist AS configuration - the rare definition objective where the definition is natively machine-encoded.,yes,"V8.8: promoted partial->yes. Referent is the organization-defined value the standard obliges the organization to set; validation executes against it when the export carries the declaration and the observation as separate assertions. AGREED APPROACH: NSG/CA/transport rules natively encode the authorizations; deliberate artifact, no published referent. Finding retained: rare definition natively machine-encoded.",
03.01.03_obj.e,approved authorizations for controlling the flow of CUI are enforced.,Control the flow of CUI in accordance with approved authorizations.,Access Control,yes,NCP checklist repository (inherited),,Config API|SIEM / log query,"Enforcement state is the same rule sets as .d, plus flow logs emit permit/deny decisions.",,,
03.01.04_obj.a,the duties of individuals requiring separation to reduce the risk of malevolent activity are defined.,Separate the duties of individuals to reduce the risk of malevolent activity without collusion.,Access Control,no,,,,"Separation-of-duties definition is an organizational determination (which roles conflict); no emission. Analyst proposes an SoD matrix - that matrix would be a declared input, not an emission.",,,
03.01.04_obj.b,organization-defined duties of individuals requiring separation are separated.,Separate the duties of individuals to reduce the risk of malevolent activity without collusion.,Access Control,partial,,,Directory enumeration,"Role assignments enumerate; verifying *separation* requires the .a conflict matrix. Given the matrix, the check is a pure join - declared-input pattern, as 03.09.02.b.",,,
03.01.04_obj.c,separate accounts for individuals whose duties and accesses must be separated to reduce the risk of malevolent activity or collusion are established,Separate the duties of individuals to reduce the risk of malevolent activity without collusion.,Access Control,yes,Organization-defined ODP,artifact,Directory enumeration,Dual-account pattern is directly observable: paired standard/privileged accounts enumerate from the directory.,yes,V8.8: promoted partial->yes. Referent is the organization-defined value the standard obliges the organization to set; validation executes against it when the export carries the declaration and the observation as separate assertions. V8 AUDIT: Privilege/account separation structure natively encodes the assignment; WHICH duties require separation is customer-defined. Parallels 03.04.05.e RBAC artifact. NOTE: restore verbatim R2 3.1.4[c] text before publication.,
03.01.05_obj.a,privileged accounts are identified.,"Employ the principle of least privilege, including for specific security functions and privileged accounts.",Access Control,yes,Organization-defined ODP,artifact,Directory enumeration,"Privileged role membership enumerates. Duplicate of 03.05.03.a in substance - one emission, two objectives, cross-family.",yes,V8.8: promoted partial->yes. Referent is the organization-defined value the standard obliges the organization to set; validation executes against it when the export carries the declaration and the observation as separate assertions. V8 AUDIT: Privileged-role membership enumerates; what counts as privileged has no Department referent (vendor role taxonomy only). Decided jointly with 03.01.07.b / 03.05.03.a.,
03.01.05_obj.b,access to privileged accounts is authorized in accordance with the principle of least privilege.,"Employ the principle of least privilege, including for specific security functions and privileged accounts.",Access Control,partial,,ODP,Directory enumeration,Role assignments emit as authorization records (analyst note); *least privilege* conformance is a judgment against role necessity. ODP present (12-month review cadence) - the review-currency slice is checkable; the appropriateness slice is not. PIM/P2 license note retained.,,Authority recorded: ODP fixes 12-month review cadence; appropriateness slice remains judgment (call unchanged).,
03.01.05_obj.c,security functions are identified.,"Employ the principle of least privilege, including for specific security functions and privileged accounts.",Access Control,yes,NCP checklist repository,NCP-designated,Compliance scan|Host config read,"Security functions are identified by the benchmark's security-relevant scope: the rights governing security operations (manage auditing, take ownership, security policy modification) are enumerated in the User Rights section, and the benchmark's coverage constitutes the platform identification. One notch more inferential than 03.01.07.a — the identification is carried by what the benchmark governs rather than a captioned list — stated here for the record.",yes,V8.3 PROMOTION (no -> yes): owner ruling — NCP-defined. VERIFY: benchmark section citations.,
03.01.05_obj.d,access to security functions is authorized in accordance with the principle of least privilege.,"Employ the principle of least privilege, including for specific security functions and privileged accounts.",Access Control,yes,NCP checklist repository,NCP-designated (via .c),Compliance scan|Directory enumeration|Host config read,Least-privilege access to security functions is rights-assignment conformance against benchmark-recommended values — the canonical User Rights compliance scan. Blocker removed by the .c promotion: the referent is now published content.,yes,V8.3 PROMOTION (partial -> yes): cascade from 03.01.05.c.,
03.01.06_obj.a,nonsecurity functions are identified.,Use non-privileged accounts or roles when accessing nonsecurity functions.,Access Control,yes,NCP checklist repository,NCP-designated (complement),Compliance scan|Host config read,Nonsecurity functions are the complement of the benchmark-identified security-function set — yes by the 03.04.07.n precedent: complement of published content inherits the publication.,yes,V8.3 PROMOTION (no -> yes): complement of 03.01.05.c per owner ruling.,
03.01.06_obj.b,users are required to use non-privileged accounts or roles when accessing nonsecurity functions.,Use non-privileged accounts or roles when accessing nonsecurity functions.,Access Control,yes,NCP checklist repository (inherited),,Directory enumeration|Host config read,"Default-nonprivileged operation is observable: standard-user tokens, elevation configuration, absence of standing admin. Analyst note describes the pattern.",,,
03.01.07_obj.a,privileged functions are defined.,Prevent non-privileged users from executing privileged functions and capture the execution of such functions in audit logs.,Access Control,yes,NCP checklist repository,NCP-designated,Compliance scan|Host config read|Config API,"Privileged functions are enumerated in NCP-designated benchmark content: the Windows User Rights Assignment section is a machine-readable catalog of privileged rights with recommended holders; Azure/M365 Foundations benchmark privileged-role sections cover the cloud slice. Published enumeration + scan-comparable state -> yes (03.04.07.k precedent). Supersedes the v8.2 artifact call, which was wrong on the Windows path.",yes,V8.3 PROMOTION (artifact -> yes): owner ruling — defined by NCP content. VERIFY: cite benchmark sections/versions before publication.,
03.01.07_obj.b,non-privileged users are defined.,Prevent non-privileged users from executing privileged functions and capture the execution of such functions in audit logs.,Access Control,yes,Organization-defined ODP,artifact,Directory enumeration,Analyst note nails it: everyone without a privileged role assignment is non-privileged by definition. The complement of an enumeration is an enumeration.,yes,V8.8: promoted partial->yes. Referent is the organization-defined value the standard obliges the organization to set; validation executes against it when the export carries the declaration and the observation as separate assertions. V8 AUDIT: Complement of privileged enumeration; rises/falls with 03.01.05.a.,
03.01.07_obj.c,non-privileged users are prevented from executing privileged functions.,Prevent non-privileged users from executing privileged functions and capture the execution of such functions in audit logs.,Access Control,yes,NCP checklist repository (inherited),,Config API|Host config read,"Prevention is enforced by RBAC/UAC state, which emits.",,,
03.01.07_obj.d,the execution of privileged functions is captured in audit logs.,Prevent non-privileged users from executing privileged functions and capture the execution of such functions in audit logs.,Access Control,no,,,SIEM / log query,Privileged-command capture emits directly (OS-level audit + admin operation logs per analyst note).,yes,"V8.7: yes->no. Owner ruling (SIEM tiering). Sole sufficient feed is log query, a collector outside the declared reference architecture; SIEM was excluded from the reference baseline at v8.5 and that exclusion is now applied consistently. Demoted to 'no' rather than 'partial' to match the v8.5 AU/IR treatment on identical facts. feed_types retained as a record of where emission would originate.",
03.01.08_obj.a,the means of limiting unsuccessful logon attempts is defined.,Limit unsuccessful logon attempts.,Access Control,yes,DoD ODP,ODP,Config API|Host config read,"The rare fully-floored definition: ODP fixes 5-in-5/15-min lockout, and the means IS a setting. Lockout policy emits and is comparable to the published value - the archetype 03.05.07.d case from the drafts.",,Authority recorded: ODP fixes lockout values. | V8 AUDIT: KEPT: ODP floors lockout; setting emits and compares. Archetype.,
03.01.08_obj.b,the defined means of limiting unsuccessful logon attempts is implemented.,Limit unsuccessful logon attempts.,Access Control,yes,NCP checklist repository (inherited),,Host config read|Config API,Lockout policy state emits on both paths (AD/local policy; Entra smart lockout).,,,
03.01.09_obj.a,"privacy and security notices required by CUI-specified rules are identified, consistent, and associated with the specific CUI category",Provide privacy and security notices consistent with applicable CUI rules.,Access Control,no,,,,Notice identification against CUI-category rules is a determination; no emission. Model-content candidate - notice text is common across suppliers.,,,
03.01.09_obj.b,privacy and security notices are displayed.,Provide privacy and security notices consistent with applicable CUI rules.,Access Control,yes,NCP checklist repository (inherited),,Host config read|Config API,Banner display emits as policy state (GPO logon banner; Terms of Use; MOTD per analyst note).,,,
03.01.10_obj.a,the period of inactivity after which the system initiates a session lock is defined.,Use session lock with pattern-hiding displays to prevent access and viewing of data after a period of inactivity.,Access Control,yes,DoD ODP,ODP,Host config read,"Inactivity period emits as setting; ODP fixes <=15 min. Floored definition, as 03.01.08.a.",,Authority recorded: ODP fixes inactivity period (<=15 min). | V8 AUDIT: KEPT: ODP floors inactivity period (<=15 min).,
03.01.10_obj.b,access to the system and viewing of data is prevented by initiating a session lock after the defined period of inactivity.,Use session lock with pattern-hiding displays to prevent access and viewing of data after a period of inactivity.,Access Control,yes,NCP checklist repository (inherited),,Host config read,Lock enforcement is the same policy state.,,,
03.01.10_obj.c,previously visible information is concealed via a pattern-hiding display after the defined period of inactivity.,Use session lock with pattern-hiding displays to prevent access and viewing of data after a period of inactivity.,Access Control,yes,NCP checklist repository (inherited),,Host config read,Pattern-hiding (screensaver/lock display) emits as setting; benchmark-covered per analyst note.,,,
03.01.11_obj.a,conditions requiring a user session to terminate are defined.,Terminate automatically a user session after a defined condition.,Access Control,yes,DoD ODP,ODP,Config API|Host config read,"Termination conditions: ODP defines them (inactivity <=24h, misbehavior, maintenance) and the inactivity slice emits as session-lifetime configuration. Analyst note concurs on the shape. Floored.",,Authority recorded: ODP defines termination conditions. | V8 AUDIT: KEPT: R2 objective; R3 ODP is the clarifying published value per stated methodology. Floored definition.,
03.01.11_obj.b,a user session is automatically terminated after any of the defined conditions occur.,Terminate automatically a user session after a defined condition.,Access Control,partial,,,Config API,Inactivity-triggered termination emits as session policy; misbehavior- and maintenance-triggered termination are operational acts that emit only as after-the-fact revocation events. Split by trigger class.,,,
03.01.12_obj.a,remote access sessions are permitted.,Monitor and control remote access sessions.,Access Control,yes,NCP checklist repository (inherited),,Config API,Whether remote sessions are permitted is policy state - CA and gateway configuration emit the answer directly.,,,
03.01.12_obj.b,the types of permitted remote access are identified.,Monitor and control remote access sessions.,Access Control,no,,,,Type identification is documented in the SSP (analyst note); no emission enumerates 'permitted types' as a set.,,,
03.01.12_obj.c,remote access sessions are controlled.,Monitor and control remote access sessions.,Access Control,yes,NCP checklist repository (inherited),,Config API|SIEM / log query,"Session control state (gateway policy, CA session controls) emits; session events emit.",,,
03.01.12_obj.d,remote access sessions are monitored.,Monitor and control remote access sessions.,Access Control,no,,,SIEM / log query,Remote session logs emit - monitoring is the log pipeline itself.,yes,"V8.7: yes->no. Owner ruling (SIEM tiering). Sole sufficient feed is log query, a collector outside the declared reference architecture; SIEM was excluded from the reference baseline at v8.5 and that exclusion is now applied consistently. Demoted to 'no' rather than 'partial' to match the v8.5 AU/IR treatment on identical facts. feed_types retained as a record of where emission would originate.",
03.01.13_obj.a,cryptographic mechanisms to protect the confidentiality of remote access sessions are identified.,Employ cryptographic mechanisms to protect the confidentiality of remote access sessions.,Access Control,partial,,,Config API,"Analyst note: SSP documents mechanisms, 'there may be some automation.' Deployed mechanism state (TLS config, auth-strength policy) emits; the identification-as-list is prose. Emission covers the implemented set, not the identified set.",,,
03.01.13_obj.b,cryptographic mechanisms to protect the confidentiality of remote access sessions are implemented.,Employ cryptographic mechanisms to protect the confidentiality of remote access sessions.,Access Control,yes,NCP checklist repository (inherited),,Config API|Host config read,"Enforcement emits: gateway TLS minimums, OS TLS settings per baseline (analyst note concurs).",,,
03.01.14_obj.a,managed access control points are identified and implemented.,Route remote access via managed access control points.,Access Control,yes,Organization-defined ODP,artifact,Config API,Analyst note: the gateway/session host ARE the managed access control points - DEFINE_AS_SETTING. Their existence and configuration emit.,yes,"V8.8: promoted partial->yes. Referent is the organization-defined value the standard obliges the organization to set; validation executes against it when the export carries the declaration and the observation as separate assertions. V8 AUDIT: Gateway/session host ARE the control points (DEFINE_AS_SETTING); implementation half emits, identification half self-referential.",
03.01.14_obj.b,remote access is routed through managed network access control points.,Route remote access via managed access control points.,Access Control,partial,,,Config API|SIEM / log query,Routing-through-gateway emits where CA blocks direct access and gateway logs show sessions; proving *all* remote access routes through (no shadow paths) is a completeness claim the emission cannot make. Path-dependent per analyst note.,,,
03.01.15_obj.a,privileged commands authorized for remote execution are identified.,Authorize remote execution of privileged commands and remote access to security-relevant information.,Access Control,yes,Organization-defined ODP,artifact,Directory enumeration|Config API,"Cloud-collapse: on the reference architecture all privileged access is remote by construction (Azure portal/ARM, M365 admin sessions), so the ""remote"" qualifier is architecturally vacuous and the objective collapses into the privileged-action enumeration already in the artifact class (03.01.07.a). One SSP sentence records the collapse; the role-definition set is the identification.",yes,V8.8: promoted partial->yes. Referent is the organization-defined value the standard obliges the organization to set; validation executes against it when the export carries the declaration and the observation as separate assertions. V8.2 PROMOTION (no -> artifact): owner ruling — no local/remote distinction exists on the reference architecture; JIT not required by framework.,
03.01.15_obj.b,security-relevant information authorized to be accessed remotely is identified.,Authorize remote execution of privileged commands and remote access to security-relevant information.,Access Control,yes,Organization-defined ODP,artifact,Directory enumeration|Config API,As .a by the same collapse: all security-relevant information access is remote by construction; RBAC scope over the management plane is the identification of what may be so accessed.,yes,"V8.8: promoted partial->yes. Referent is the organization-defined value the standard obliges the organization to set; validation executes against it when the export carries the declaration and the observation as separate assertions. V8.2 PROMOTION (no -> artifact): travels with .a per its own ""as .a"" rationale.",
03.01.15_obj.c,the execution of the identified privileged commands via remote access is authorized.,Authorize remote execution of privileged commands and remote access to security-relevant information.,Access Control,partial,,,Directory enumeration,Scoped role assignment is the authorization gate and emits; target is the .a role-definition enumeration (artifact). PIM note retained.,,V8.2: target repaired — upstream definitional row promoted to artifact. Disposition unchanged.,
03.01.15_obj.d,access to the identified security-relevant information via remote access is authorized.,Authorize remote execution of privileged commands and remote access to security-relevant information.,Access Control,partial,,,Directory enumeration|Config API,As .c against the .b management-plane scope (artifact).,,V8.2: target repaired — upstream definitional row promoted to artifact. Disposition unchanged.,
03.01.16_obj.a,wireless access points are identified.,Authorize wireless access prior to allowing such connections.,Access Control,partial,,,Host config read,Wireless interface detection emits per enrolled endpoint (Syscollector per analyst note); enumeration of access *points* in the environment requires network-side visibility the lab stack lacks. Partial on coverage plane.,,,
03.01.16_obj.b,wireless access is authorized prior to allowing such connections.,Authorize wireless access prior to allowing such connections.,Access Control,yes,NCP checklist repository (inherited),,Config API,Authorization-prior-to-connection emits as CA compliant-device condition; device registration is the authorization list (analyst note).,,,
03.01.17_obj.a,wireless access to the system is protected using encryption.,Protect wireless access using authentication and encryption.,Access Control,yes,NCP checklist repository (inherited),,Host config read,Wireless encryption state emits per enrolled endpoint via SCA (analyst note: positive assurance across enrolled population).,,,
03.01.17_obj.b,wireless access to the system is protected using authentication.,Protect wireless access using authentication and encryption.,Access Control,partial,,,Config API,Identity-layer authentication emits (CA); network-layer 802.1X/WPA2-Enterprise state lives on APs outside the lab stack (analyst note marks Network Devices as future PRIMARY). Partial pending network-device plane.,,,
03.01.18_obj.a,"mobile devices that process, store, or transmit CUI are identified.",Control connection of mobile devices.,Access Control,yes,Organization-defined ODP,artifact,Directory enumeration,Mobile devices identify via enrollment - the enrollment record is the identification (analyst note: intune).,yes,V8.8: promoted partial->yes. Referent is the organization-defined value the standard obliges the organization to set; validation executes against it when the export carries the declaration and the observation as separate assertions. V8 AUDIT: Enrollment record IS the identification; completeness of enrollment not emissible.,
03.01.18_obj.b,the connection of mobile devices is authorized.,Control connection of mobile devices.,Access Control,yes,NCP checklist repository (inherited),,Config API,Connection authorization emits as CA + enrollment policy state. VDI-path note retained: CUI never lands on device storage.,,,
03.01.18_obj.c,mobile device connections are monitored and logged.,Control connection of mobile devices.,Access Control,no,,,SIEM / log query,Mobile auth events emit per sign-in logs (analyst note).,yes,"V8.7: yes->no. Owner ruling (SIEM tiering). Sole sufficient feed is log query, a collector outside the declared reference architecture; SIEM was excluded from the reference baseline at v8.5 and that exclusion is now applied consistently. Demoted to 'no' rather than 'partial' to match the v8.5 AU/IR treatment on identical facts. feed_types retained as a record of where emission would originate.",
03.01.19_obj.a,"mobile devices and mobile computing platforms that process, store, or transmit CUI are identified.",Encrypt CUI on mobile devices and mobile computing platforms.,Access Control,yes,Organization-defined ODP,artifact,Directory enumeration,As 03.01.18.a.,yes,V8.8: promoted partial->yes. Referent is the organization-defined value the standard obliges the organization to set; validation executes against it when the export carries the declaration and the observation as separate assertions. V8 AUDIT: As 03.01.18.a.,
03.01.19_obj.b,encryption is employed to protect CUI on identified mobile devices and mobile computing platforms.,Encrypt CUI on mobile devices and mobile computing platforms.,Access Control,yes,NCP checklist repository (inherited),,Config API,Compliance policy enforces encryption as access condition - policy state and per-device compliance state both emit. VDI path note retained.,,,
03.01.20_obj.a,connections to external systems are identified.,Verify and control/limit connections to and use of external systems.,Access Control,partial,,,Config API|Directory enumeration,Cross-tenant policies and configured connections enumerate the *sanctioned* set; unsanctioned external connections emit only where egress/DNS visibility exists. The identified set is the configured set - shadow usage is the gap.,,,
03.01.20_obj.b,use of external systems is identified.,Verify and control/limit connections to and use of external systems.,Access Control,partial,,,SIEM / log query,"Sign-in logs record use of federated/external systems (analyst note); use outside the identity plane (personal accounts, unfederated services) does not emit without DLP/egress capture.",,,
03.01.20_obj.c,connections to external systems are verified.,Verify and control/limit connections to and use of external systems.,Access Control,yes,NCP checklist repository (inherited),,Config API,Cross-tenant access policies + provisioning = verified authorization at tenant level (analyst note); state emits.,,,
03.01.20_obj.d,use of external systems is verified.,Verify and control/limit connections to and use of external systems.,Access Control,partial,,,SIEM / log query,As .b - the identity-plane slice emits; the rest does not.,,,
03.01.20_obj.e,connections to external systems are controlled/limited.,Verify and control/limit connections to and use of external systems.,Access Control,yes,NCP checklist repository (inherited),,Config API,"Controls emit as configuration: named locations, NSG egress rules, protective DNS (analyst note).",,,
03.01.20_obj.f,use of external systems is controlled/limited.,Verify and control/limit connections to and use of external systems.,Access Control,partial,,,Config API,App restrictions and egress rules emit; analyst note flags no DLP in MVP stack - content-level limitation does not emit. Split by control plane.,,,
03.01.21_obj.a,use of organizational portable storage devices containing CUI on external systems is identified and documented.,Limit use of organizational portable storage devices on external systems.,Access Control,partial,,,Host config read,Analyst note: USB-mount permissibility is ascertainable from settings - that slice emits. Documentation of use on *external* systems is a determination outside any emission.,,,
03.01.21_obj.b,limits on the use of organizational portable storage devices containing CUI on external systems are defined.,Limit use of organizational portable storage devices on external systems.,Access Control,no,,,,Limit definition is a documented decision (analyst note concurs); no emission.,,,
03.01.21_obj.c,use of organizational portable storage devices containing CUI on external systems is limited as defined.,Limit use of organizational portable storage devices on external systems.,Access Control,partial,,,Host config read,Device-installation restrictions emit on managed endpoints; enforcement on *external* systems is outside the boundary by definition - the objective's subject is machines the supplier does not manage. Structural partial: the emission can never reach the object.,,,
03.01.22_obj.a,individuals authorized to post or process information on publicly accessible systems are identified.,Control CUI posted or processed on publicly accessible systems.,Access Control,no,,,,Authorized-poster identification is a determination; no emission.,,,
03.01.22_obj.b,procedures to ensure CUI is not posted or processed on publicly accessible systems are identified.,Control CUI posted or processed on publicly accessible systems.,Access Control,no,,,,Procedure identification - prose.,,,
03.01.22_obj.c,a review process is in place prior to posting of any content to publicly accessible systems.,Control CUI posted or processed on publicly accessible systems.,Access Control,no,,,,Review process existence is procedural; process record at best.,,,
03.01.22_obj.d,content on publicly accessible information systems is reviewed to ensure that it does not include CUI.,Control CUI posted or processed on publicly accessible systems.,Access Control,no,,,,Content review for CUI requires content inspection - analyst note: no DLP in MVP stack; and review adequacy is judgment regardless.,,,
03.01.22_obj.e,mechanisms are in place to remove and address improper posting of CUI.,Control CUI posted or processed on publicly accessible systems.,Access Control,no,,,,Removal mechanisms are procedural response; no emission in stack.,,,
03.04.01_obj.a,a baseline configuration is established.,Establish and maintain baseline configurations and inventories of organizational systems,Configuration Management,yes,NCP checklist repository,NCP-designated,Compliance scan|Config API,The declared benchmark profile IS the baseline; conformance state emits via scan. Establishment is demonstrated by the existence and application of the profile - the transitive-floor case at its cleanest.,,Authority recorded: designated checklist profile is the baseline definition. | V8 AUDIT: KEPT: declared benchmark profile is the baseline; repository designated by ODP 03.04.02.a; conformance emits. Declare-your-profile handled by declaration.,
03.04.01_obj.b,"the baseline configuration includes hardware, software, firmware, and documentation.",Establish and maintain baseline configurations and inventories of organizational systems,Configuration Management,partial,,,Directory enumeration|Compliance scan,Hardware/software/firmware slices emit via inventory agent; the documentation component is prose by its own terms. Analyst note concurs on the split. Partial by component.,,,
03.04.01_obj.c,the baseline configuration is maintained (reviewed and updated) throughout the system development life cycle.,Establish and maintain baseline configurations and inventories of organizational systems,Configuration Management,partial,,,Compliance scan|SIEM / log query,Continuous scan results demonstrate the baseline is *applied* over time; that it is *reviewed and updated* per lifecycle is a human act emitting only as version-change events. Analyst note: annual review through ISSO - process record.,,,
03.04.01_obj.d,a system inventory is established.,Establish and maintain baseline configurations and inventories of organizational systems,Configuration Management,yes,Organization-defined ODP,artifact,Directory enumeration,Analyst note: the inventory-agent database IS the system inventory. The enumeration is the artifact.,yes,"V8.8: promoted partial->yes. Referent is the organization-defined value the standard obliges the organization to set; validation executes against it when the export carries the declaration and the observation as separate assertions. V8 AUDIT: Inventory-agent database IS the inventory; existence emits, completeness cannot. Allowlist precedent.",
03.04.01_obj.e,"the system inventory includes hardware, software, firmware, and documentation.",Establish and maintain baseline configurations and inventories of organizational systems,Configuration Management,partial,,,Directory enumeration,As .b - hardware/software/firmware enumerate; documentation is the prose slice.,,,
03.04.01_obj.f,the inventory is maintained (reviewed and updated) throughout the system development life cycle.,Establish and maintain baseline configurations and inventories of organizational systems,Configuration Management,yes,NCP checklist repository (inherited),,Directory enumeration|SIEM / log query,Continuous agent model is the maintenance mechanism (analyst note); inventory currency emits as last-seen timestamps. The review act is subsumed by continuous collection - the periodic-review question this conversation already resolved: continuous observation dominates periodic review of a copy.,,,
03.04.02_obj.a,security configuration settings for information technology products employed in the system are established and included in the baseline configuration.,Establish and enforce security configuration settings for information technology products employed in organizational systems.,Configuration Management,yes,NCP checklist repository,NCP-designated,Compliance scan,Security settings established-and-included emits as benchmark conformance: the settings ARE the baseline content. ODP designates the NCP repository as referent - the designated authority for this exact objective.,,Authority recorded: ODP designates NCP repository as settings referent - the archetype row. | V8 AUDIT: KEPT: the archetype row — designation names this exact objective.,
03.04.02_obj.b,security configuration settings for information technology products employed in the system are enforced.,Establish and enforce security configuration settings for information technology products employed in organizational systems.,Configuration Management,yes,NCP checklist repository (inherited),,Compliance scan|Host config read,Enforcement state is the setting state; drift emits as scan deltas.,,,
03.04.03_obj.a,changes to the system are tracked.,"Track, review, approve or disapprove, and log changes to organizational systems.",Configuration Management,no,,,SIEM / log query,Change tracking emits on both planes - endpoint file/config changes and infrastructure activity logs. Analyst note: independent mechanisms.,yes,"V8.7: yes->no. Owner ruling (SIEM tiering). Sole sufficient feed is log query, a collector outside the declared reference architecture; SIEM was excluded from the reference baseline at v8.5 and that exclusion is now applied consistently. Demoted to 'no' rather than 'partial' to match the v8.5 AU/IR treatment on identical facts. feed_types retained as a record of where emission would originate.",
03.04.03_obj.b,changes to the system are reviewed.,"Track, review, approve or disapprove, and log changes to organizational systems.",Configuration Management,no,,,,"Review is a human act; FIM alerts and activity logs are its inputs, but the review itself emits nothing. Process record.",,,
03.04.03_obj.c,changes to the system are approved or disapproved.,"Track, review, approve or disapprove, and log changes to organizational systems.",Configuration Management,no,,,,Approval/disapproval is a human decision; emits only as process record in a change workflow. Analyst note flags a future workflow feature - correctly excluded from lab findings.,,,
03.04.03_obj.d,changes to the system are logged.,"Track, review, approve or disapprove, and log changes to organizational systems.",Configuration Management,no,,,SIEM / log query,The FIM alert log plus activity log ARE the change log (analyst note). Direct emission.,yes,"V8.7: yes->no. Owner ruling (SIEM tiering). Sole sufficient feed is log query, a collector outside the declared reference architecture; SIEM was excluded from the reference baseline at v8.5 and that exclusion is now applied consistently. Demoted to 'no' rather than 'partial' to match the v8.5 AU/IR treatment on identical facts. feed_types retained as a record of where emission would originate.",
03.04.04_obj.a,analyze the security impact of changes prior to implementation.,Analyze the security impact of changes prior to implementation.,Configuration Management,no,,,,Security impact analysis is judgment prior to implementation. Vuln-detection can supply inputs (analyst note: supporting evidence) but the analysis itself does not emit. Process record.,,,
03.04.05_obj.a,physical access restrictions associated with changes to the system are defined.,"Define, document, approve, and enforce physical and logical access restrictions associated with changes to organizational systems.",Configuration Management,no,,,,"Physical access restrictions for changes - definition is a determination; no emission. Physical slice, as the PE family.",,,
03.04.05_obj.b,physical access restrictions associated with changes to the system are documented.,"Define, document, approve, and enforce physical and logical access restrictions associated with changes to organizational systems.",Configuration Management,no,,,,Documentation of physical restrictions is prose.,,,
03.04.05_obj.c,physical access restrictions associated with changes to the system are approved.,"Define, document, approve, and enforce physical and logical access restrictions associated with changes to organizational systems.",Configuration Management,no,,,,Approval is a human act; process record.,,,
03.04.05_obj.d,physical access restrictions associated with changes to the system are enforced.,"Define, document, approve, and enforce physical and logical access restrictions associated with changes to organizational systems.",Configuration Management,partial,,,SIEM / log query,"Badge events at server/equipment areas emit where readers exist - same boundary as 03.10.01.b: presence emits, enforcement completeness does not.",,,
03.04.05_obj.e,logical access restrictions associated with changes to the system are defined.,"Define, document, approve, and enforce physical and logical access restrictions associated with changes to organizational systems.",Configuration Management,yes,Organization-defined ODP,artifact,Directory enumeration,Analyst note: role assignments scope who has write access - DEFINE_AS_SETTING. The logical restriction exists as RBAC state; it emits.,yes,"V8.8: promoted partial->yes. Referent is the organization-defined value the standard obliges the organization to set; validation executes against it when the export carries the declaration and the observation as separate assertions. AGREED APPROACH: RBAC state is the restriction definition; deliberate artifact, no referent.",
03.04.05_obj.f,logical access restrictions associated with changes to the system are documented.,"Define, document, approve, and enforce physical and logical access restrictions associated with changes to organizational systems.",Configuration Management,yes,Organization-defined ODP,artifact,Directory enumeration,Analyst note: the role assignment records ARE the documentation. Second instance of a definition natively machine-encoded (with 03.01.03.d) - the record of the restriction is the restriction.,yes,V8.8: promoted partial->yes. Referent is the organization-defined value the standard obliges the organization to set; validation executes against it when the export carries the declaration and the observation as separate assertions. AGREED APPROACH: role-assignment records as documentation; as .e.,
03.04.05_obj.g,logical access restrictions associated with changes to the system are approved.,"Define, document, approve, and enforce physical and logical access restrictions associated with changes to organizational systems.",Configuration Management,partial,,,Directory enumeration,Approval emits as PIM workflow records where P2 is licensed (analyst note); without PIM it is a process record. License-tier-dependent emission - flag retained.,,,
03.04.05_obj.h,logical access restrictions associated with changes to the system are enforced.,"Define, document, approve, and enforce physical and logical access restrictions associated with changes to organizational systems.",Configuration Management,yes,NCP checklist repository (inherited),,Config API|Host config read,Enforcement is RBAC/ACL state on both planes; emits directly.,,,
03.04.06_obj.a,essential system capabilities are defined based on the principle of least functionality.,Employ the principle of least functionality by configuring organizational systems to provide only essential capabilities.,Configuration Management,yes,Organization-defined ODP,artifact,Compliance scan|Config API,"Two-slice definition-by-complement: the required disable set for services/ports/protocols is benchmark content (NCP-designated -> that slice floored, cf. 03.04.07.m/n); the capability-level remainder — the deployed application and platform-feature set — is the customer's de facto essentiality declaration and emits as inventory + allowlist (03.04.07.a precedent). Definition exists as encoded state on both slices; only one slice has a published referent -> artifact, not yes.",yes,"V8.8: promoted partial->yes. Referent is the organization-defined value the standard obliges the organization to set; validation executes against it when the export carries the declaration and the observation as separate assertions. V8.2 PROMOTION (no -> artifact): owner flagged as iffy; recorded as two-slice complement — benchmark slice floored, capability slice customer-declared. Held below yes deliberately.",
03.04.06_obj.b,the system is configured to provide only the defined essential capabilities.,Employ the principle of least functionality by configuring organizational systems to provide only essential capabilities.,Configuration Management,yes,NCP checklist repository,NCP-designated,Compliance scan|Host config read,"Configured-to-provide-only emits as the hardening state itself: disabled services, removed features, closed ports per the baseline.",,V8 AUDIT: KEPT: hardening state validates against declared benchmark profile (inherited referent). Owner ruling: components in boundary stay hardened — continuous conformance to designated content.,
03.04.07_obj.a,essential programs are defined.,"Restrict, disable, or prevent the use of nonessential programs, functions, ports, protocols, and services.",Configuration Management,partial,,artifact,Host config read,Analyst note: the allowlist defines essential programs. The definition is the policy object - it emits. Whether the allowlist is *right* is judgment; that it exists and what it contains is emission.,yes,"AGREED APPROACH: allowlist is a deliberate machine artifact constituting the definition; no published referent to score against. Ingestable in full; partial, not yes.",
03.04.07_obj.b,the use of nonessential programs is defined.,"Restrict, disable, or prevent the use of nonessential programs, functions, ports, protocols, and services.",Configuration Management,yes,Organization-defined ODP,artifact,Host config read,Complement of the allowlist - analyst note: everything not listed is nonessential by definition. As 03.01.07.b: the complement of an enumeration is an enumeration.,yes,V8.8: promoted partial->yes. Referent is the organization-defined value the standard obliges the organization to set; validation executes against it when the export carries the declaration and the observation as separate assertions. AGREED APPROACH: complement of the allowlist; as .a.,
03.04.07_obj.c,"the use of nonessential programs is restricted, disabled, or prevented as defined.","Restrict, disable, or prevent the use of nonessential programs, functions, ports, protocols, and services.",Configuration Management,yes,NCP checklist repository (inherited),,Host config read|SIEM / log query,Enforcement mode emits as policy state; block events emit as logs.,,,
03.04.07_obj.d,essential functions are defined.,"Restrict, disable, or prevent the use of nonessential programs, functions, ports, protocols, and services.",Configuration Management,yes,Organization-defined ODP,artifact,Host config read,Feature-restriction configuration is the definition (analyst note); emits.,yes,V8.8: promoted partial->yes. Referent is the organization-defined value the standard obliges the organization to set; validation executes against it when the export carries the declaration and the observation as separate assertions. AGREED APPROACH: feature-restriction set is org-specific artifact; promote if benchmark-sourced for the declared profile.,
03.04.07_obj.e,the use of nonessential functions is defined.,"Restrict, disable, or prevent the use of nonessential programs, functions, ports, protocols, and services.",Configuration Management,yes,Organization-defined ODP,artifact,Host config read,As .d - same configuration surface.,yes,V8.8: promoted partial->yes. Referent is the organization-defined value the standard obliges the organization to set; validation executes against it when the export carries the declaration and the observation as separate assertions. AGREED APPROACH: as .d.,
03.04.07_obj.f,"the use of nonessential functions is restricted, disabled, or prevented as defined.","Restrict, disable, or prevent the use of nonessential programs, functions, ports, protocols, and services.",Configuration Management,yes,NCP checklist repository (inherited),,Host config read,Enforcement is the restriction state; emits.,,,
03.04.07_obj.g,essential ports are defined.,"Restrict, disable, or prevent the use of nonessential programs, functions, ports, protocols, and services.",Configuration Management,yes,Organization-defined ODP,artifact,Host config read,"Firewall rules express port definitions (analyst note); the rule set is the definition and emits. PPS prose is companion, not source.",yes,"V8.8: promoted partial->yes. Referent is the organization-defined value the standard obliges the organization to set; validation executes against it when the export carries the declaration and the observation as separate assertions. AGREED APPROACH: firewall port rules are org-specific definition artifact; benchmark mandates default-deny posture, not the port list.",
03.04.07_obj.h,the use of nonessential ports is defined.,"Restrict, disable, or prevent the use of nonessential programs, functions, ports, protocols, and services.",Configuration Management,yes,Organization-defined ODP,artifact,Host config read,As .g - block rules define nonessential by exclusion.,yes,V8.8: promoted partial->yes. Referent is the organization-defined value the standard obliges the organization to set; validation executes against it when the export carries the declaration and the observation as separate assertions. AGREED APPROACH: as .g.,
03.04.07_obj.i,"the use of nonessential ports is restricted, disabled, or prevented as defined.","Restrict, disable, or prevent the use of nonessential programs, functions, ports, protocols, and services.",Configuration Management,yes,NCP checklist repository (inherited),,Host config read,Enforcement emits as firewall state on both OS paths (analyst note: independent mechanisms).,,,
03.04.07_obj.j,essential protocols are defined.,"Restrict, disable, or prevent the use of nonessential programs, functions, ports, protocols, and services.",Configuration Management,yes,Organization-defined ODP,artifact,Host config read,Protocol rules as .g.,yes,V8.8: promoted partial->yes. Referent is the organization-defined value the standard obliges the organization to set; validation executes against it when the export carries the declaration and the observation as separate assertions. AGREED APPROACH: protocol rules as .g.,
03.04.07_obj.k,the use of nonessential protocols is defined.,"Restrict, disable, or prevent the use of nonessential programs, functions, ports, protocols, and services.",Configuration Management,yes,NCP checklist repository,NCP-designated,Host config read,"Analyst note is the argument: the CIS setting disabling LLMNR/NetBIOS IS the definition of nonessential protocols. Definition-as-setting, benchmark-sourced.",,Authority recorded: CIS setting disabling LLMNR/NetBIOS is the definition (analyst note). | V8 AUDIT: KEPT: CIS setting IS the definition AND benchmark is within designated repository — referent PUBLISHED. Distinguishes from customer-authored allowlist (03.04.07.a artifact).,
03.04.07_obj.l,"the use of nonessential protocols is restricted, disabled, or prevented as defined.","Restrict, disable, or prevent the use of nonessential programs, functions, ports, protocols, and services.",Configuration Management,yes,NCP checklist repository (inherited),,Host config read|Compliance scan,Enforcement is the disabled state; scan confirms per baseline.,,,
03.04.07_obj.m,essential services are defined.,"Restrict, disable, or prevent the use of nonessential programs, functions, ports, protocols, and services.",Configuration Management,yes,NCP checklist repository,NCP-designated,Host config read,CIS disabled-services list is the definition (analyst note); service configuration emits on both paths.,,Authority recorded: CIS disabled-services list is the definition. | V8 AUDIT: KEPT: as .k.,
03.04.07_obj.n,the use of nonessential services is defined.,"Restrict, disable, or prevent the use of nonessential programs, functions, ports, protocols, and services.",Configuration Management,yes,NCP checklist repository,NCP-designated,Host config read,As .m by complement.,,Authority recorded: complement of CIS services list. | V8 AUDIT: KEPT: as .m by complement.,
03.04.07_obj.o,"the use of nonessential services is restricted, disabled, or prevented as defined.","Restrict, disable, or prevent the use of nonessential programs, functions, ports, protocols, and services.",Configuration Management,yes,NCP checklist repository (inherited),,Host config read|Compliance scan,Enforcement is service state; emits and scans.,,,
03.04.08_obj.a,a policy specifying whether whitelisting or blacklisting is to be implemented is specified.,"Apply deny-by-exception (blacklisting) policy to prevent the use of unauthorized software or deny-all, permit-by-exception",Configuration Management,yes,Organization-defined ODP,artifact,Host config read,Analyst note: the allowlist configuration IS the policy specification. The whitelisting-vs-blacklisting choice is encoded in the deployed mechanism itself.,yes,"V8.8: promoted partial->yes. Referent is the organization-defined value the standard obliges the organization to set; validation executes against it when the export carries the declaration and the observation as separate assertions. AGREED APPROACH: deployed mechanism encodes the whitelist/blacklist policy choice; deliberate artifact, no referent.",
03.04.08_obj.b,the software allowed to execute under whitelisting or denied use under blacklisting is specified.,"Apply deny-by-exception (blacklisting) policy to prevent the use of unauthorized software or deny-all, permit-by-exception",Configuration Management,yes,Organization-defined ODP,artifact,Host config read,The policy content specifies the allowed set; emits as policy object.,yes,V8.8: promoted partial->yes. Referent is the organization-defined value the standard obliges the organization to set; validation executes against it when the export carries the declaration and the observation as separate assertions. AGREED APPROACH: allowlist content is the specification; org-specific artifact.,
03.04.08_obj.c,whitelisting to allow the execution of authorized software or blacklisting to prevent the use of unauthorized software is implemented as specified.,"Apply deny-by-exception (blacklisting) policy to prevent the use of unauthorized software or deny-all, permit-by-exception",Configuration Management,yes,NCP checklist repository (inherited),,Host config read|SIEM / log query,Enforcement mode emits; enforcement events emit.,,,
03.04.09_obj.a,a policy for controlling the installation of software by users is established.,Control and monitor user-installed software.,Configuration Management,partial,,,Host config read,"Installation-control policy establishment - analyst note honestly flags 'need to figure this one out.' The enforcing configuration exists (.b) but a *policy specifying* the approach is prose. Definition objective, no emission - though the 03.04.08.a pattern (mechanism-as-policy) is arguably available; retained as no pending owner call.",yes,"V8.6: yes->partial. Owner ruling. Policy-establishment objective requires a documentary artifact per conduct-prohibition rule; enforcing control (AppLocker/WDAC policy state) emits via host config read, so emission exists but does not reach the objective's actual parameter. Feed set to Host config read.",
03.04.09_obj.b,installation of software by users is controlled based on the established policy.,Control and monitor user-installed software.,Configuration Management,yes,NCP checklist repository (inherited),,Host config read,Standard-user + elevation control emits as configuration on both paths (analyst note).,,,
03.04.09_obj.c,installation of software by users is monitored.,Control and monitor user-installed software.,Configuration Management,yes,NCP checklist repository (inherited),,SIEM / log query|Directory enumeration,New-executable detection and software-inventory deltas emit (analyst note).,,,
03.13.01_obj.a,the external system boundary is defined.,"Monitor, control, and protect communications",System & Comms Protection,partial,,artifact,Host config read|Config API,"Analyst note: the firewall ruleset IS the boundary definition. NSGs and host firewall rules encode the external boundary as configuration - definition-as-setting, third major instance.",yes,AGREED APPROACH: firewall ruleset constitutes the boundary definition; org-specific artifact.,
03.13.01_obj.b,key internal system boundaries are defined.,"Monitor, control, and protect communications",System & Comms Protection,yes,Organization-defined ODP,artifact,Config API|Host config read,Internal boundaries encoded as NSG/subnet structure and host rules (analyst note); emits.,yes,V8.8: promoted partial->yes. Referent is the organization-defined value the standard obliges the organization to set; validation executes against it when the export carries the declaration and the observation as separate assertions. AGREED APPROACH: as .a for internal boundaries.,
03.13.01_obj.c,communications are monitored at the external system boundary.,"Monitor, control, and protect communications",System & Comms Protection,partial,,,SIEM / log query,External-boundary monitoring emits where flow logs and DNS logs are integrated; full boundary capture depends on network-plane coverage the lab stack holds partially.,,,
03.13.01_obj.d,communications are monitored at key internal boundaries.,"Monitor, control, and protect communications",System & Comms Protection,partial,,,SIEM / log query,As .c for internal boundaries - host-level plus flow logs emit; analyst note marks internal IDS/IPS as future.,,,
03.13.01_obj.e,communications are controlled at the external system boundary.,"Monitor, control, and protect communications",System & Comms Protection,yes,NCP checklist repository (inherited),,Config API,Control at external boundary emits as NSG/firewall rule state.,,,
03.13.01_obj.f,communications are controlled at key internal boundaries.,"Monitor, control, and protect communications",System & Comms Protection,yes,NCP checklist repository (inherited),,Config API|Host config read,As .e for internal boundaries.,,,
03.13.01_obj.g,communications are protected at the external system boundary.,"Monitor, control, and protect communications",System & Comms Protection,yes,NCP checklist repository (inherited),,Config API|Host config read,Protection state emits: NSG + protective DNS + host firewalls (analyst note).,,,
03.13.01_obj.h,communications are protected at key internal boundaries.,"Monitor, control, and protect communications",System & Comms Protection,yes,NCP checklist repository (inherited),,Config API|Host config read,Subnet NSG enforcement emits (analyst note).,,,
03.13.02_obj.a,architectural designs that promote effective information security are identified.,"Employ architectural designs, software development techniques, and systems engineering principles that promote effective information security within organizational systems.",System & Comms Protection,no,,,,Identification of security-promoting architectural designs is a determination; prose. Design-definition class.,,,
03.13.02_obj.b,software development techniques that promote effective information security are identified.,"Employ architectural designs, software development techniques, and systems engineering principles that promote effective information security within organizational systems.",System & Comms Protection,no,,,,As .a for development techniques (analyst note: SSP documents them).,,,
03.13.02_obj.c,systems engineering principles that promote effective information security are identified.,"Employ architectural designs, software development techniques, and systems engineering principles that promote effective information security within organizational systems.",System & Comms Protection,no,,,,As .a for engineering principles.,,,
03.13.02_obj.d,identified architectural designs that promote effective information security are employed.,"Employ architectural designs, software development techniques, and systems engineering principles that promote effective information security within organizational systems.",System & Comms Protection,partial,,,Config API,"IaC template deployment emits as deployment records - evidence the design is *employed* (analyst note); that the deployed design is the *identified* one requires the .a prose. Emission exists, target is prose.",,,
03.13.02_obj.e,identified software development techniques that promote effective information security are employed.,"Employ architectural designs, software development techniques, and systems engineering principles that promote effective information security within organizational systems.",System & Comms Protection,partial,,,Config API,As .d - IaC deployment as supporting evidence per analyst note.,,,
03.13.02_obj.f,identified systems engineering principles that promote effective information security are employed.,"Employ architectural designs, software development techniques, and systems engineering principles that promote effective information security within organizational systems.",System & Comms Protection,no,,,,Analyst note says the SSP description is the evidence - which is prose attesting prose. No emission.,,,
03.13.03_obj.a,user functionality is identified.,Separate user functionality from system management functionality.,System & Comms Protection,yes,Organization-defined ODP,artifact,Config API|Directory enumeration,"The user/management plane separation is architecturally encoded — separate session hosts, management-group scoping, PAW pattern — and Config API-visible. The encoded separation is the identification.",yes,V8.8: promoted partial->yes. Referent is the organization-defined value the standard obliges the organization to set; validation executes against it when the export carries the declaration and the observation as separate assertions. V8.2 PROMOTION (no -> artifact).,
03.13.03_obj.b,system management functionality is identified.,Separate user functionality from system management functionality.,System & Comms Protection,yes,Organization-defined ODP,artifact,Config API|Directory enumeration,As .a: the management plane is identified by its encoded scope.,yes,V8.8: promoted partial->yes. Referent is the organization-defined value the standard obliges the organization to set; validation executes against it when the export carries the declaration and the observation as separate assertions. V8.2 PROMOTION (no -> artifact): as .a.,
03.13.03_obj.c,user functionality is separated from system management functionality.,Separate user functionality from system management functionality.,System & Comms Protection,yes,NCP checklist repository (inherited),,Directory enumeration|Host config read,Separation is enforced by RBAC/UAC/sudo state across layers (analyst note: systematic multi-layer); the enforcement state emits.,,,
03.13.04_obj.a,prevent unauthorized and unintended information transfer via shared system resources.,Prevent unauthorized and unintended information transfer via shared system resources.,System & Comms Protection,yes,NCP checklist repository (inherited),,Host config read|Compliance scan,"Shared-resource protections are OS settings covered by the baseline (memory protection, session isolation, pagefile clearing); emit as configuration.",,,
03.13.05_obj.a,publicly accessible system components are identified.,Implement subnetworks for publicly accessible system components that are physically or logically separated from internal networks.,System & Comms Protection,partial,,,Config API,"Public-facing components enumerate from cloud config (public IPs, exposed endpoints); components public by architecture rather than cloud object require declaration. Mostly emits in a cloud-native boundary.",,,
03.13.05_obj.b,subnetworks for publicly accessible system components are physically or logically separated from internal networks.,Implement subnetworks for publicly accessible system components that are physically or logically separated from internal networks.,System & Comms Protection,yes,NCP checklist repository (inherited),,Config API,Subnet separation emits as NSG/subnet structure - analyst note: DMZ isolated from CUI subnet in predefined templates.,,,
03.13.06_obj.a,network communications traffic is denied by default.,Deny network communications traffic by default and allow network communications traffic by exception,System & Comms Protection,yes,NCP checklist repository (inherited),,Config API|Host config read,Analyst note: NSG default-deny IS this control. Default-deny state emits directly on both planes.,,,
03.13.06_obj.b,network communications traffic is allowed by exception.,Deny network communications traffic by default and allow network communications traffic by exception,System & Comms Protection,yes,NCP checklist repository (inherited),,Config API|Host config read,"Allow-by-exception is the rule set itself; every exception is an emitted, enumerable object.",,,
03.13.07_obj.a,prevent remote devices from simultaneously establishing non-remote connections with organizational systems and communicating via some other connection to resources in external networks.,Prevent remote devices from simultaneously establishing non-remote connections with organizational systems and communicating via some other connection to resources in external networks,System & Comms Protection,no,,,,"Split-tunneling prevention: analyst note - no VPN in the lab path, so nothing to configure; the objective is addressed by architecture (no remote tunnel exists to split). No emission because no mechanism exists in this path; on a VPN path this would emit as tunnel configuration. Path-dependent no.",,,
03.13.08_obj.a,cryptographic mechanisms intended to prevent unauthorized disclosure of CUI are identified.,Implement cryptographic mechanisms to prevent unauthorized disclosure of CUI during transmission unless otherwise protected by alternative physical safeguards.,System & Comms Protection,yes,Organization-defined ODP,artifact,Config API|Host config read,"TLS/transport configuration is a machine-readable enumeration of the cryptographic mechanisms in use; configured-and-enforced is the strongest available evidence of ""intended."" Prose adds nothing the config does not already state.",yes,"V8.8: promoted partial->yes. Referent is the organization-defined value the standard obliges the organization to set; validation executes against it when the export carries the declaration and the observation as separate assertions. V8.2 PROMOTION (no -> artifact): ""intended"" read as evidenced by enforced configuration.",
03.13.08_obj.b,alternative physical safeguards intended to prevent unauthorized disclosure of CUI are identified.,Implement cryptographic mechanisms to prevent unauthorized disclosure of CUI during transmission unless otherwise protected by alternative physical safeguards.,System & Comms Protection,no,,,,Physical-safeguard identification is prose (analyst note: SSP documents physical transmission paths).,,,
03.13.08_obj.c,either cryptographic mechanisms or alternative physical safeguards are implemented to prevent unauthorized disclosure of CUI during transmission.,Implement cryptographic mechanisms to prevent unauthorized disclosure of CUI during transmission unless otherwise protected by alternative physical safeguards.,System & Comms Protection,yes,NCP checklist repository (inherited),,Config API|Host config read,"Implementation emits: TLS enforcement, encryption settings per baseline. The identified-vs-implemented gap belongs to .a/.b, not here.",,,
03.13.09_obj.a,a period of inactivity to terminate network connections associated with communications sessions is defined.,Terminate network connections associated with communications sessions at the end of the sessions or after a defined period of inactivity.,System & Comms Protection,yes,DoD ODP,customer-ODP (pending),Config API,Analyst note: session lifetime policy values ARE the defined period - DEFINE_AS_SETTING. Floored by configuration.,yes,V8.8: promoted partial->yes. April 2025 DoD ODP 03.13.09 publishes this parameter on-objective. FLOOR RULE: session-inactivity period scalar; pending ODP pass.,
03.13.09_obj.b,network connections associated with communications sessions are terminated at the end of the sessions.,Terminate network connections associated with communications sessions at the end of the sessions or after a defined period of inactivity.,System & Comms Protection,partial,,,Config API|Host config read,"Analyst note preserves the critical distinction: identity-session termination emits (CA), but *network connection* termination is a different layer - RDP/GPO idle timeout closes network sessions on managed hosts; full network-layer termination depends on path. The network-vs-session distinction is the same proxy boundary as 03.07.05.b.",,,
03.13.09_obj.c,network connections associated with communications sessions are terminated after the defined period of inactivity.,Terminate network connections associated with communications sessions at the end of the sessions or after a defined period of inactivity.,System & Comms Protection,partial,,,Config API|Host config read,As .b - the defined-period slice emits per host config; network-layer completeness is path-dependent.,,,
03.13.10_obj.a,cryptographic keys are established whenever cryptography is employed.,Establish and manage cryptographic keys for cryptography employed in organizational systems.,System & Comms Protection,partial,,,Config API,"Key establishment emits for platform-managed keys (storage SSE, BitLocker escrow state); analyst note flags enterprise-key dependency - customer-managed key paths vary. Partial per analyst's own hedge.",,,
03.13.10_obj.b,cryptographic keys are managed whenever cryptography is employed.,Establish and manage cryptographic keys for cryptography employed in organizational systems.,System & Comms Protection,partial,,,Config API,"Key management state (rotation, vault config) emits where platform-managed; as .a otherwise.",,,
03.13.11_obj.a,employ FIPS-validated cryptography when used to protect the confidentiality of CUI.,Employ FIPS-validated cryptography when used to protect the confidentiality of CUI.,System & Comms Protection,partial,,,Config API|Host config read,"FIPS-validated crypto: the *configuration* emits (FIPS mode flags, TLS suite restrictions), but validation status is a property of the module certificate, not the setting - the CMVP register holds the authority. Analyst note honestly doubts current deployment. Emission covers configured intent; validation is an external-register fact. Retained partial with both halves stated.",,,
03.13.12_obj.a,collaborative computing devices are identified.,Prohibit remote activation of collaborative computing devices and provide indication of devices in use to users present at the device.,System & Comms Protection,partial,,,Directory enumeration,Devices with cameras/mics enumerate via inventory where enrolled; collaborative devices outside enrollment (conference room hardware) do not.,,V8.8: control_title corrected - row carried 03.13.11's FIPS text in error. ,
03.13.12_obj.b,collaborative computing devices provide indication to users of devices in use.,Prohibit remote activation of collaborative computing devices and provide indication of devices in use to users present at the device.,System & Comms Protection,yes,NCP checklist repository (inherited),,Host config read,In-use indicators are OS-native and privacy settings enforce them per baseline (analyst note); setting state emits.,,V8.8: control_title corrected - row carried 03.13.11's FIPS text in error. ,
03.13.12_obj.c,remote activation of collaborative computing devices is prohibited.,Prohibit remote activation of collaborative computing devices and provide indication of devices in use to users present at the device.,System & Comms Protection,yes,NCP checklist repository (inherited),,Host config read,Remote-activation prohibition emits as privacy/permission settings per baseline.,,V8.8: control_title corrected - row carried 03.13.11's FIPS text in error. ,
03.13.13_obj.a,use of mobile code is controlled.,Control and monitor the use of mobile code.,System & Comms Protection,yes,NCP checklist repository (inherited),,Host config read,Mobile-code control emits as script-execution and browser policy settings per baseline.,,,
03.13.13_obj.b,use of mobile code is monitored.,Control and monitor the use of mobile code.,System & Comms Protection,no,,,SIEM / log query,Analyst note: process-creation events + browser logs + script events - monitoring emits without additional hardening.,yes,"V8.7: yes->no. Owner ruling (SIEM tiering). Sole sufficient feed is log query, a collector outside the declared reference architecture; SIEM was excluded from the reference baseline at v8.5 and that exclusion is now applied consistently. Demoted to 'no' rather than 'partial' to match the v8.5 AU/IR treatment on identical facts. feed_types retained as a record of where emission would originate.",
03.13.14_obj.a,use of Voice over Internet Protocol (VoIP) technologies is controlled.,Control and monitor the use of Voice over Internet Protocol,System & Comms Protection,partial,,,Config API,"VoIP control: Teams-plane policy emits; non-Teams VoIP (desk phones, SIP trunks) sits on the network plane the lab lacks. Analyst note marks the companion prose.",,,
03.13.14_obj.b,use of Voice over Internet Protocol (VoIP) technologies is monitored.,Control and monitor the use of Voice over Internet Protocol,System & Comms Protection,partial,,,SIEM / log query,Teams usage logs emit; VoIP-subnet syslog requires the network plane (analyst note: D-IN-D).,,,
03.13.15_obj.a,protect the authenticity of communications sessions.,Protect the authenticity of communications sessions,System & Comms Protection,yes,NCP checklist repository (inherited),,Config API|Host config read,"Session authenticity emits as protocol enforcement state - TLS with authentication, SMB signing, channel binding per baseline.",,,
03.13.16_obj.a,protect the confidentiality of CUI at rest.,Protect the confidentiality of CUI at rest.,System & Comms Protection,yes,NCP checklist repository (inherited),,Config API|Host config read,CUI-at-rest confidentiality emits as encryption state (BitLocker/SSE). Scope predicate: as the MP family - which resources hold CUI is a declaration.,,,
03.12.01_obj.a,the frequency of security control assessments is defined.,Periodically assess the security controls in organizational systems to determine if the controls are effective in their application.,Security Assessment,yes,DoD ODP,customer-ODP (pending),Config API,Analyst note: the SCA schedule IS the defined frequency - DEFINE_AS_SETTING. Emits as scan-schedule configuration.,yes,V8.8: promoted partial->yes. April 2025 DoD ODP 03.12.01 publishes this parameter on-objective. FLOOR RULE: assessment-frequency scalar; pending ODP pass.,
03.12.01_obj.b,security controls are assessed with the defined frequency to determine if the controls are effective in their application.,Periodically assess the security controls in organizational systems to determine if the controls are effective in their application.,Security Assessment,partial,,,Compliance scan|SIEM / log query,Automated control checks execute per schedule and emit results; *effectiveness in application* is a broader judgment than check-passage (analyst note flags the narrative need). The performed slice emits; the effectiveness slice is human.,,,
03.12.02_obj.a,deficiencies and vulnerabilities to be addressed by the plan of action are identified.,Develop and implement plans of action designed to correct deficiencies and reduce or eliminate vulnerabilities in organizational systems,Security Assessment,yes,Organization-defined ODP,customer-ODP (pending),Compliance scan|SIEM / log query,Analyst note: failed checks and CVE alerts ARE the deficiency identification. Direct emission.,yes,"V8.8: promoted partial->yes. Referent is the organization-defined value the standard obliges the organization to set; validation executes against it when the export carries the declaration and the observation as separate assertions. V8 AUDIT: Findings emit against benchmark+NVD, but POA&M selection (""to be addressed"") is a human triage decision with no published selection criterion.",
03.12.02_obj.b,a plan of action is developed to correct identified deficiencies and reduce or eliminate identified vulnerabilities.,Develop and implement plans of action designed to correct deficiencies and reduce or eliminate vulnerabilities in organizational systems,Security Assessment,no,,,,The plan of action is a human artifact (analyst note concurs); machine findings are its inputs. Process record.,,,
03.12.02_obj.c,the plan of action is implemented to correct identified deficiencies and reduce or eliminate identified vulnerabilities.,Develop and implement plans of action designed to correct deficiencies and reduce or eliminate vulnerabilities in organizational systems,Security Assessment,partial,,,Compliance scan|SIEM / log query,"Remediation trend emits (finding closure over time, per analyst note); that closure occurred *per the plan* requires the plan. Emission exists, target is prose.",,,
03.12.03_obj.a,monitor security controls on an ongoing basis to ensure the continued effectiveness of the controls.,Monitor security controls on an ongoing basis to ensure the continued effectiveness of the controls.,Security Assessment,yes,NCP checklist repository,NCP-designated (transitive),Compliance scan|SIEM / log query,Ongoing monitoring is the continuous assessment pipeline itself - the mechanism IS the objective. Analyst note marks it as the core value proposition; the finding stands independent of any product.,,"V8 AUDIT: KEPT per owner ruling: continuous pipeline validates hardened/patched state against designated benchmark content + register feeds — inherited referents end to end. ""Ongoing"" satisfied definitionally by continuity.",
03.12.04_obj.a,a system security plan is developed.,"Develop, document, and periodically update system security plans that describe system boundaries, system environments of operation, how security requirements are implemented, and the relationships with or connections to other systems.",Security Assessment,no,,,,"The SSP is a document; its development does not emit. Required by 03.12.04 and DFARS - retained, sourced differently per the submission's own argument.",,,
03.12.04_obj.b,the system boundary is described and documented in the system security plan.,"Develop, document, and periodically update system security plans that describe system boundaries, system environments of operation, how security requirements are implemented, and the relationships with or connections to other systems.",Security Assessment,partial,,,Config API,"Boundary *description* is prose, but its technical substance (NSG/subnet structure) emits - the declared boundary can be checked against network reality. Emission supports verification of the prose, not replacement.",,,
03.12.04_obj.c,the system environment of operation is described and documented in the system security plan.,"Develop, document, and periodically update system security plans that describe system boundaries, system environments of operation, how security requirements are implemented, and the relationships with or connections to other systems.",Security Assessment,partial,,,Directory enumeration,Environment description: inventory emits the technical substance (analyst note); the narrative frame is prose.,,,
03.12.04_obj.d,the security requirements identified and approved by the designated authority as non-applicable are identified.,"Develop, document, and periodically update system security plans that describe system boundaries, system environments of operation, how security requirements are implemented, and the relationships with or connections to other systems.",Security Assessment,no,,,,Non-applicability determinations are approved judgments; prose.,,,
03.12.04_obj.e,the method of security requirement implementation is described and documented in the system security plan.,"Develop, document, and periodically update system security plans that describe system boundaries, system environments of operation, how security requirements are implemented, and the relationships with or connections to other systems.",Security Assessment,no,,,,"Implementation-method description is prose - though for machine-reportable objectives its content is derivable from state, per the conversation's generation-with-floor rule. Retained no: the SSP text itself does not emit.",,,
03.12.04_obj.f,the relationship with or connection to other systems is described and documented in the system security plan.,"Develop, document, and periodically update system security plans that describe system boundaries, system environments of operation, how security requirements are implemented, and the relationships with or connections to other systems.",Security Assessment,partial,,,Config API,"Interconnections partially enumerate (cross-tenant config, peering); undocumented relationships do not emit.",,,
03.12.04_obj.g,the frequency to update the system security plan is defined.,"Develop, document, and periodically update system security plans that describe system boundaries, system environments of operation, how security requirements are implemented, and the relationships with or connections to other systems.",Security Assessment,no,,,,Update-frequency definition is a determination; prose (analyst note: annual).,,,
03.12.04_obj.h,system security plan is updated with the defined frequency.,"Develop, document, and periodically update system security plans that describe system boundaries, system environments of operation, how security requirements are implemented, and the relationships with or connections to other systems.",Security Assessment,no,,,,SSP update per frequency is a document-revision act; version history is a process record.,,,
03.11.01_obj.a,"the frequency to assess risk to organizational operations, organizational assets, and individuals is defined.",Periodically assess the risk to organizational operations,Risk Assessment,partial,,customer-ODP (pending),Config API,Assessment frequency as schedule configuration - DEFINE_AS_SETTING per analyst note. Whether schedule constitutes organizational risk-assessment frequency is a floor question; the setting emits.,yes,FLOOR RULE: risk-assessment-frequency scalar; pending ODP pass.,
03.11.01_obj.b,"risk to organizational operations, organizational assets, and individuals resulting from the operation of an organizational system that processes, stores, or transmits CUI is assessed with the defined frequency.",Periodically assess the risk to organizational operations,Risk Assessment,partial,,,Compliance scan|SIEM / log query,"Continuous scoring emits a technical risk posture (analyst note); risk to *operations, assets, and individuals* is broader than technical scoring - the organizational slice is judgment. Partial by scope of the objective's own terms.",,,
03.11.02_obj.a,"the frequency to scan for vulnerabilities in an organizational system and its applications that process, store, or transmit CUI is defined.",Scan for vulnerabilities in organizational systems and applications periodically and when new vulnerabilities affecting those systems and applications are identified.,Risk Assessment,yes,DoD ODP,customer-ODP (pending),Config API,Scan frequency emits as schedule. ODP fixes the referent question; DEFINE_AS_SETTING per analyst note.,yes,V8.8: promoted partial->yes. April 2025 DoD ODP 03.11.02.a publishes this parameter on-objective. FLOOR RULE: vulnerability-scan-frequency scalar; pending ODP pass.,
03.11.02_obj.b,"vulnerability scans are performed in an organizational system that processes, stores, or transmits CUI with the defined frequency.",Scan for vulnerabilities in organizational systems and applications periodically and when new vulnerabilities affecting those systems and applications are identified.,Risk Assessment,yes,NCP checklist repository (inherited),,Compliance scan|SIEM / log query,Scan execution and coverage emit; performed-per-frequency is a join. Continuous correlation per analyst note.,,,
03.11.02_obj.c,vulnerability scans are performed in an application that contains CUI with the defined frequency.,Scan for vulnerabilities in organizational systems and applications periodically and when new vulnerabilities affecting those systems and applications are identified.,Risk Assessment,partial,,,Compliance scan,"Application scanning: OS-level and installed-software CVE correlation emits for the managed estate; analyst note correctly flags SaaS applications (Office et al.) as provider-inherited - the supplier cannot scan Microsoft's code. Split: local applications emit, SaaS inherits.",,,
03.11.02_obj.d,"vulnerability scans are performed in an organizational system that processes, stores, or transmits CUI when new vulnerabilities are identified.",Scan for vulnerabilities in organizational systems and applications periodically and when new vulnerabilities affecting those systems and applications are identified.,Risk Assessment,no,,register (ODP-presupposed),SIEM / log query,New-vulnerability-triggered scanning emits as feed-driven correlation (analyst note: new CVE triggers immediate correlation).,yes,"V8.7: yes->no. Owner ruling (SIEM tiering). Sole sufficient feed is log query, a collector outside the declared reference architecture; SIEM was excluded from the reference baseline at v8.5 and that exclusion is now applied consistently. Demoted to 'no' rather than 'partial' to match the v8.5 AU/IR treatment on identical facts. feed_types retained as a record of where emission would originate.",
03.11.02_obj.e,vulnerability scans are performed in an application that contains CUI when new vulnerabilities are identified.,Scan for vulnerabilities in organizational systems and applications periodically and when new vulnerabilities affecting those systems and applications are identified.,Risk Assessment,partial,,,SIEM / log query,"As .d scoped to applications, inheriting the .c split.",,,
03.11.03_obj.a,vulnerabilities are identified.,Remediate vulnerabilities in accordance with risk assessments.,Risk Assessment,yes,DoD ODP,register (ODP-presupposed),Compliance scan|SIEM / log query,Vulnerability identification IS the scanner output (analyst note).,,"V8 AUDIT: KEPT under register codicil: scanner output validates against CVE/NVD, a public register the Department's own values presuppose. Clean counterexample proving artifact demotions are principled.",
03.11.03_obj.b,vulnerabilities are remediated in accordance with risk assessments.,Remediate vulnerabilities in accordance with risk assessments.,Risk Assessment,partial,,,SIEM / log query,"Remediation emits as finding closure; *in accordance with risk assessments* requires the prioritization scheme - prose per analyst note. Emission exists, target is prose.",,,
